Data,Rank,Artista,Música
"WEEK OF NOVEMBER 16, 2024",1,DJ Glenner & MC Tuto,Barbie
"WEEK OF NOVEMBER 16, 2024",2,Grupo Menos E Mais,Coraco Partido (Corazon Partio) [Ao Vivo]
"WEEK OF NOVEMBER 16, 2024",3,Henrique & Juliano,Ultima Saudade
"WEEK OF NOVEMBER 16, 2024",4,Leo Foguete,Ultima Noite
"WEEK OF NOVEMBER 16, 2024",5,The Weeknd & Anitta,Sao Paulo
"WEEK OF NOVEMBER 16, 2024",6,"MC Cebezinho, MC Tuto, MC Kako, MC LUUKY & MC Kadu",A Danada Me Ligando
"WEEK OF NOVEMBER 16, 2024",7,Lady Gaga & Bruno Mars,Die With A Smile
"WEEK OF NOVEMBER 16, 2024",8,Pedro Sampaio & Marina Sena,Escada Do Predio
"WEEK OF NOVEMBER 16, 2024",9,"MC Joaozinho VT, MC Tuto & Deejhay RB",Vida de Artista
"WEEK OF NOVEMBER 16, 2024",10,Jorge E Mateus & Henrique & Juliano,Xonei
"WEEK OF NOVEMBER 16, 2024",11,Gusttavo Lima,A Noite (La Notte)
"WEEK OF NOVEMBER 16, 2024",12,"MC Jvila, Ryan SP, Marks, Aaron Modesto, Magal, Bruno MS, LUUKY & DJ Dael",365 Dias (Vida Mansa)
"WEEK OF NOVEMBER 16, 2024",13,Murilo Huff & Ana Castela,Peca Intima
"WEEK OF NOVEMBER 16, 2024",14,"MC Joaozinho VT, MC Vine7, MC Tuto, MC Duzinho SP, MC LUUKY & MC Ryan SP",Tropa Do Sem K.O
"WEEK OF NOVEMBER 16, 2024",15,Maiara & Maraisa,Vai La
"WEEK OF NOVEMBER 16, 2024",16,MC Livinho & DJ Topo,"Mtg Na Imaginaçao (Topo Sessions, Vol. 1)"
"WEEK OF NOVEMBER 16, 2024",17,ROSE & Bruno Mars,APT.
"WEEK OF NOVEMBER 16, 2024",18,"MC GP, MC Jvila & MC LUUKY Featuring DJ Yuri Pedrada",300 No 7
"WEEK OF NOVEMBER 16, 2024",19,Matheus Fernandes & Matheus E Kauan,Triplex
"WEEK OF NOVEMBER 16, 2024",20,Hugo & Guilherme & Maiara & Maraisa,O Meu Coracao Em Suas Maos (Colgando En Tu Manso) [Ao Vivo]
"WEEK OF NOVEMBER 16, 2024",21,Felipe & Rodrigo,Gosta de Rua
"WEEK OF NOVEMBER 16, 2024",22,Kaique & Felipe / Luan Pereira,Saveiro
"WEEK OF NOVEMBER 16, 2024",23,Ferrugem & Sorriso Maroto,Apaguei Pra Todos (Ao Vivo)
"WEEK OF NOVEMBER 16, 2024",24,Matue,Crack Com Mussilon
"WEEK OF NOVEMBER 16, 2024",25,MC LUUKY & Oldilla,Nem Ligo Pro Amor
"WEEK OF NOVEMBER 9, 2024",1,DJ Glenner & MC Tuto,Barbie
"WEEK OF NOVEMBER 9, 2024",2,Henrique & Juliano,Ultima Saudade
"WEEK OF NOVEMBER 9, 2024",3,Grupo Menos E Mais,Coraco Partido (Corazon Partio) [Ao Vivo]
"WEEK OF NOVEMBER 9, 2024",4,Leo Foguete,Ultima Noite
"WEEK OF NOVEMBER 9, 2024",5,"MC Cebezinho, MC Tuto, MC Kako, MC LUUKY & MC Kadu",A Danada Me Ligando
"WEEK OF NOVEMBER 9, 2024",6,Lady Gaga & Bruno Mars,Die With A Smile
"WEEK OF NOVEMBER 9, 2024",7,ROSE & Bruno Mars,APT.
"WEEK OF NOVEMBER 9, 2024",8,Pedro Sampaio & Marina Sena,Escada Do Predio
"WEEK OF NOVEMBER 9, 2024",9,"MC Jvila, Ryan SP, Marks, Aaron Modesto, Magal, Bruno MS, LUUKY & DJ Dael",365 Dias (Vida Mansa)
"WEEK OF NOVEMBER 9, 2024",10,Jorge E Mateus & Henrique & Juliano,Xonei
"WEEK OF NOVEMBER 9, 2024",11,Murilo Huff & Ana Castela,Peca Intima
"WEEK OF NOVEMBER 9, 2024",12,"MC Joaozinho VT, MC Tuto & Deejhay RB",Vida de Artista
"WEEK OF NOVEMBER 9, 2024",13,Kaique & Felipe / Luan Pereira,Saveiro
"WEEK OF NOVEMBER 9, 2024",14,Felipe & Rodrigo,Gosta de Rua
"WEEK OF NOVEMBER 9, 2024",15,Hugo & Guilherme & Maiara & Maraisa,O Meu Coracao Em Suas Maos (Colgando En Tu Manso) [Ao Vivo]
"WEEK OF NOVEMBER 9, 2024",16,Matue,Crack Com Mussilon
"WEEK OF NOVEMBER 9, 2024",17,Gusttavo Lima,A Noite (La Notte)
"WEEK OF NOVEMBER 9, 2024",18,Matheus Fernandes & Matheus E Kauan,Triplex
"WEEK OF NOVEMBER 9, 2024",19,Maiara & Maraisa,Vai La
"WEEK OF NOVEMBER 9, 2024",20,MC Livinho & DJ Topo,"Mtg Na Imaginaçao (Topo Sessions, Vol. 1)"
"WEEK OF NOVEMBER 9, 2024",21,Lady Gaga,Disease
"WEEK OF NOVEMBER 9, 2024",22,"MC GP, MC Jvila & MC LUUKY Featuring DJ Yuri Pedrada",300 No 7
"WEEK OF NOVEMBER 9, 2024",23,Israel & Rodolffo,Arruma Um Bao
"WEEK OF NOVEMBER 9, 2024",24,Matheus & Kauan,Cronometro
"WEEK OF NOVEMBER 9, 2024",25,"The Box: MC Brinquedo, MC Cebezinho, MC Tuto & MC Laranjinha",The Box Medley Funk 2
"WEEK OF NOVEMBER 2, 2024",1,Henrique & Juliano,Ultima Saudade
"WEEK OF NOVEMBER 2, 2024",2,Grupo Menos E Mais,Coraco Partido (Corazon Partio) [Ao Vivo]
"WEEK OF NOVEMBER 2, 2024",3,DJ Glenner & MC Tuto,Barbie
"WEEK OF NOVEMBER 2, 2024",4,Leo Foguete,Ultima Noite
"WEEK OF NOVEMBER 2, 2024",5,"MC Cebezinho, MC Tuto, MC Kako, MC LUUKY & MC Kadu",A Danada Me Ligando
"WEEK OF NOVEMBER 2, 2024",6,Lady Gaga & Bruno Mars,Die With A Smile
"WEEK OF NOVEMBER 2, 2024",7,ROSE & Bruno Mars,APT.
"WEEK OF NOVEMBER 2, 2024",8,Jorge E Mateus & Henrique & Juliano,Xonei
"WEEK OF NOVEMBER 2, 2024",9,Kaique & Felipe / Luan Pereira,Saveiro
"WEEK OF NOVEMBER 2, 2024",10,Gusttavo Lima,A Noite (La Notte)
"WEEK OF NOVEMBER 2, 2024",11,Pedro Sampaio & Marina Sena,Escada Do Predio
"WEEK OF NOVEMBER 2, 2024",12,"MC Jvila, Ryan SP, Marks, Aaron Modesto, Magal, Bruno MS, LUUKY & DJ Dael",365 Dias (Vida Mansa)
"WEEK OF NOVEMBER 2, 2024",13,Hugo & Guilherme & Maiara & Maraisa,O Meu Coracao Em Suas Maos (Colgando En Tu Manso) [Ao Vivo]
"WEEK OF NOVEMBER 2, 2024",14,Matue,Crack Com Mussilon
"WEEK OF NOVEMBER 2, 2024",15,Felipe & Rodrigo,Gosta de Rua
"WEEK OF NOVEMBER 2, 2024",16,Maiara & Maraisa,Vai La
"WEEK OF NOVEMBER 2, 2024",17,Murilo Huff & Ana Castela,Peca Intima
"WEEK OF NOVEMBER 2, 2024",18,Matheus Fernandes & Matheus E Kauan,Triplex
"WEEK OF NOVEMBER 2, 2024",19,"MC Joaozinho VT, MC Tuto & Deejhay RB",Vida de Artista
"WEEK OF NOVEMBER 2, 2024",20,"MC GP, MC Jvila & MC LUUKY Featuring DJ Yuri Pedrada",300 No 7
"WEEK OF NOVEMBER 2, 2024",21,Diego & Victor Hugo,Entregador de Flor (Ao Vivo Em Brasilla)
"WEEK OF NOVEMBER 2, 2024",22,"The Box: MC Brinquedo, MC Cebezinho, MC Tuto & MC Laranjinha",The Box Medley Funk 2
"WEEK OF NOVEMBER 2, 2024",23,Matheus & Kauan,Cronometro
"WEEK OF NOVEMBER 2, 2024",24,DJ L30 Featuring MC Thaizinha,Do Jeito Que Voce Mete
"WEEK OF NOVEMBER 2, 2024",25,Gloria Groove,Nosso Primeiro Beijo
"WEEK OF OCTOBER 26, 2024",1,Henrique & Juliano,Ultima Saudade
"WEEK OF OCTOBER 26, 2024",2,Grupo Menos E Mais,Coraco Partido (Corazon Partio) [Ao Vivo]
"WEEK OF OCTOBER 26, 2024",3,"MC Cebezinho, MC Tuto, MC Kako, MC LUUKY & MC Kadu",A Danada Me Ligando
"WEEK OF OCTOBER 26, 2024",4,Lady Gaga & Bruno Mars,Die With A Smile
"WEEK OF OCTOBER 26, 2024",5,Jorge E Mateus & Henrique & Juliano,Xonei
"WEEK OF OCTOBER 26, 2024",6,Kaique & Felipe / Luan Pereira,Saveiro
"WEEK OF OCTOBER 26, 2024",7,Gusttavo Lima,A Noite (La Notte)
"WEEK OF OCTOBER 26, 2024",8,Felipe & Rodrigo,Gosta de Rua
"WEEK OF OCTOBER 26, 2024",9,Matheus Fernandes & Matheus E Kauan,Triplex
"WEEK OF OCTOBER 26, 2024",10,Hugo & Guilherme & Maiara & Maraisa,O Meu Coracao Em Suas Maos (Colgando En Tu Manso) [Ao Vivo]
"WEEK OF OCTOBER 26, 2024",11,Matue,Crack Com Mussilon
"WEEK OF OCTOBER 26, 2024",12,"MC Jvila, Ryan SP, Marks, Aaron Modesto, Magal, Bruno MS, LUUKY & DJ Dael",365 Dias (Vida Mansa)
"WEEK OF OCTOBER 26, 2024",13,Maiara & Maraisa,Vai La
"WEEK OF OCTOBER 26, 2024",14,Luan Santana,Clone
"WEEK OF OCTOBER 26, 2024",15,Grelo,So Fe
"WEEK OF OCTOBER 26, 2024",16,Henrique & Juliano,Seja Ex
"WEEK OF OCTOBER 26, 2024",17,Gloria Groove,Nosso Primeiro Beijo
"WEEK OF OCTOBER 26, 2024",18,"The Box: MC Brinquedo, MC Cebezinho, MC Tuto & MC Laranjinha",The Box Medley Funk 2
"WEEK OF OCTOBER 26, 2024",19,DJ L30 Featuring MC Thaizinha,Do Jeito Que Voce Mete
"WEEK OF OCTOBER 26, 2024",20,Matheus & Kauan,Cronometro
"WEEK OF OCTOBER 26, 2024",21,"MC GP, MC Jvila & MC LUUKY Featuring DJ Yuri Pedrada",300 No 7
"WEEK OF OCTOBER 26, 2024",22,Ferrugem & Sorriso Maroto,Apaguei Pra Todos (Ao Vivo)
"WEEK OF OCTOBER 26, 2024",23,Grelo,De Graca Ou Pagando
"WEEK OF OCTOBER 26, 2024",24,Traia Veia E Luan Pereira,Wi-Fi
"WEEK OF OCTOBER 26, 2024",25,Jorge & Mateus & Lauana Prado,Havera Sinais
"WEEK OF OCTOBER 19, 2024",1,Grupo Menos E Mais,Coraco Partido (Corazon Partio) [Ao Vivo]
"WEEK OF OCTOBER 19, 2024",2,Henrique & Juliano,Ultima Saudade
"WEEK OF OCTOBER 19, 2024",3,"MC Cebezinho, MC Tuto, MC Kako, MC LUUKY & MC Kadu",A Danada Me Ligando
"WEEK OF OCTOBER 19, 2024",4,Lady Gaga & Bruno Mars,Die With A Smile
"WEEK OF OCTOBER 19, 2024",5,Kaique & Felipe / Luan Pereira,Saveiro
"WEEK OF OCTOBER 19, 2024",6,Jorge E Mateus & Henrique & Juliano,Xonei
"WEEK OF OCTOBER 19, 2024",7,Gusttavo Lima,A Noite (La Notte)
"WEEK OF OCTOBER 19, 2024",8,Matue,Crack Com Mussilon
"WEEK OF OCTOBER 19, 2024",9,Matheus Fernandes & Matheus E Kauan,Triplex
"WEEK OF OCTOBER 19, 2024",10,Felipe & Rodrigo,Gosta de Rua
"WEEK OF OCTOBER 19, 2024",11,Grelo,So Fe
"WEEK OF OCTOBER 19, 2024",12,Grelo,De Graca Ou Pagando
"WEEK OF OCTOBER 19, 2024",13,DJ L30 Featuring MC Thaizinha,Do Jeito Que Voce Mete
"WEEK OF OCTOBER 19, 2024",14,Gloria Groove,Nosso Primeiro Beijo
"WEEK OF OCTOBER 19, 2024",15,Traia Veia E Luan Pereira,Wi-Fi
"WEEK OF OCTOBER 19, 2024",16,"The Box: MC Brinquedo, MC Cebezinho, MC Tuto & MC Laranjinha",The Box Medley Funk 2
"WEEK OF OCTOBER 19, 2024",17,Hugo & Guilherme & Maiara & Maraisa,O Meu Coracao Em Suas Maos (Colgando En Tu Manso) [Ao Vivo]
"WEEK OF OCTOBER 19, 2024",18,"MC GP, MC Jvila & MC LUUKY Featuring DJ Yuri Pedrada",300 No 7
"WEEK OF OCTOBER 19, 2024",19,Luan Pereira & Ana Castela,Depois Do Rodeio
"WEEK OF OCTOBER 19, 2024",20,Matue Featuring Veigh,Imagina Esse Cenario
"WEEK OF OCTOBER 19, 2024",21,"MC Leozin, MC Rick, Boladin 211 & DJ L MARTINS",Sorriso No Rosto
"WEEK OF OCTOBER 19, 2024",22,Luan Santana,Clone
"WEEK OF OCTOBER 19, 2024",23,Matheus & Kauan,Cronometro
"WEEK OF OCTOBER 19, 2024",24,"MC Jvila, Ryan SP, Marks, Aaron Modesto, Magal, Bruno MS, LUUKY & DJ Dael",365 Dias (Vida Mansa)
"WEEK OF OCTOBER 19, 2024",25,"DJ Topo, MC Leozin & Seu Jorge",MTG Quem Nao Quer Sou Eu
"WEEK OF OCTOBER 12, 2024",1,Grupo Menos E Mais,Coraco Partido (Corazon Partio) [Ao Vivo]
"WEEK OF OCTOBER 12, 2024",2,"MC Cebezinho, MC Tuto, MC Kako, MC LUUKY & MC Kadu",A Danada Me Ligando
"WEEK OF OCTOBER 12, 2024",3,Jorge E Mateus & Henrique & Juliano,Xonei
"WEEK OF OCTOBER 12, 2024",4,Matue,Crack Com Mussilon
"WEEK OF OCTOBER 12, 2024",5,Kaique & Felipe / Luan Pereira,Saveiro
"WEEK OF OCTOBER 12, 2024",6,Lady Gaga & Bruno Mars,Die With A Smile
"WEEK OF OCTOBER 12, 2024",7,Felipe & Rodrigo,Gosta de Rua
"WEEK OF OCTOBER 12, 2024",8,Matheus Fernandes & Matheus E Kauan,Triplex
"WEEK OF OCTOBER 12, 2024",9,Grelo,So Fe
"WEEK OF OCTOBER 12, 2024",10,Linkin Park,The Emptiness Machine
"WEEK OF OCTOBER 12, 2024",11,Gusttavo Lima,A Noite (La Notte)
"WEEK OF OCTOBER 12, 2024",12,"The Box: MC Brinquedo, MC Cebezinho, MC Tuto & MC Laranjinha",The Box Medley Funk 2
"WEEK OF OCTOBER 12, 2024",13,Grelo,De Graca Ou Pagando
"WEEK OF OCTOBER 12, 2024",14,Luan Pereira & Ana Castela,Depois Do Rodeio
"WEEK OF OCTOBER 12, 2024",15,Matue Featuring Veigh,Imagina Esse Cenario
"WEEK OF OCTOBER 12, 2024",16,Traia Veia E Luan Pereira,Wi-Fi
"WEEK OF OCTOBER 12, 2024",17,Henrique & Juliano,Ultima Saudade
"WEEK OF OCTOBER 12, 2024",18,Gloria Groove,Nosso Primeiro Beijo
"WEEK OF OCTOBER 12, 2024",19,Luan Santana,Clone
"WEEK OF OCTOBER 12, 2024",20,Matheus & Kauan,Cronometro
"WEEK OF OCTOBER 12, 2024",21,"MC GP, MC Jvila & MC LUUKY Featuring DJ Yuri Pedrada",300 No 7
"WEEK OF OCTOBER 12, 2024",22,Jorge & Mateus & Lauana Prado,Havera Sinais
"WEEK OF OCTOBER 12, 2024",23,Gusttavo Lima,Morar Nesse Motel
"WEEK OF OCTOBER 12, 2024",24,Hugo & Guilherme & Maiara & Maraisa,O Meu Coracao Em Suas Maos (Colgando En Tu Manso) [Ao Vivo]
"WEEK OF OCTOBER 12, 2024",25,DJ L30 Featuring MC Thaizinha,Do Jeito Que Voce Mete
"WEEK OF OCTOBER 5, 2024",1,Matue,Crack Com Mussilon
"WEEK OF OCTOBER 5, 2024",2,Grupo Menos E Mais,Coraco Partido (Corazon Partio) [Ao Vivo]
"WEEK OF OCTOBER 5, 2024",3,"MC Cebezinho, MC Tuto, MC Kako, MC LUUKY & MC Kadu",A Danada Me Ligando
"WEEK OF OCTOBER 5, 2024",4,Kaique & Felipe / Luan Pereira,Saveiro
"WEEK OF OCTOBER 5, 2024",5,Jorge E Mateus & Henrique & Juliano,Xonei
"WEEK OF OCTOBER 5, 2024",6,Matue Featuring Veigh,Imagina Esse Cenario
"WEEK OF OCTOBER 5, 2024",7,Lady Gaga & Bruno Mars,Die With A Smile
"WEEK OF OCTOBER 5, 2024",8,Grelo,So Fe
"WEEK OF OCTOBER 5, 2024",9,Matheus Fernandes & Matheus E Kauan,Triplex
"WEEK OF OCTOBER 5, 2024",10,Felipe & Rodrigo,Gosta de Rua
"WEEK OF OCTOBER 5, 2024",11,Linkin Park,The Emptiness Machine
"WEEK OF OCTOBER 5, 2024",12,Luan Pereira & Ana Castela,Depois Do Rodeio
"WEEK OF OCTOBER 5, 2024",13,Grelo,De Graca Ou Pagando
"WEEK OF OCTOBER 5, 2024",14,"The Box: MC Brinquedo, MC Cebezinho, MC Tuto & MC Laranjinha",The Box Medley Funk 2
"WEEK OF OCTOBER 5, 2024",15,Traia Veia E Luan Pereira,Wi-Fi
"WEEK OF OCTOBER 5, 2024",16,Luan Santana,Clone
"WEEK OF OCTOBER 5, 2024",17,Matue,1993
"WEEK OF OCTOBER 5, 2024",18,Gusttavo Lima,A Noite (La Notte)
"WEEK OF OCTOBER 5, 2024",19,Matheus & Kauan,Cronometro
"WEEK OF OCTOBER 5, 2024",20,Gloria Groove,Nosso Primeiro Beijo
"WEEK OF OCTOBER 5, 2024",21,Matue Featuring Brandao85,Isso E Serio
"WEEK OF OCTOBER 5, 2024",22,"DJ Duarte, MC Lipivox, DJ Kayo Original, MC Random & Prime Funk",Ritmada Interestelar
"WEEK OF OCTOBER 5, 2024",23,Gusttavo Lima,Morar Nesse Motel
"WEEK OF OCTOBER 5, 2024",24,Jorge & Mateus & Lauana Prado,Havera Sinais
"WEEK OF OCTOBER 5, 2024",25,Murilo Huff E Gustavo Mioto,Me Caiu Tao Bem
"WEEK OF SEPTEMBER 28, 2024",1,Matue,Crack Com Mussilon
"WEEK OF SEPTEMBER 28, 2024",2,Kaique & Felipe / Luan Pereira,Saveiro
"WEEK OF SEPTEMBER 28, 2024",3,Matue Featuring Veigh,Imagina Esse Cenario
"WEEK OF SEPTEMBER 28, 2024",4,"MC Cebezinho, MC Tuto, MC Kako, MC LUUKY & MC Kadu",A Danada Me Ligando
"WEEK OF SEPTEMBER 28, 2024",5,Jorge E Mateus & Henrique & Juliano,Xonei
"WEEK OF SEPTEMBER 28, 2024",6,Linkin Park,The Emptiness Machine
"WEEK OF SEPTEMBER 28, 2024",7,Lady Gaga & Bruno Mars,Die With A Smile
"WEEK OF SEPTEMBER 28, 2024",8,Grelo,So Fe
"WEEK OF SEPTEMBER 28, 2024",9,Grupo Menos E Mais,Coraco Partido (Corazon Partio) [Ao Vivo]
"WEEK OF SEPTEMBER 28, 2024",10,Matheus Fernandes & Matheus E Kauan,Triplex
"WEEK OF SEPTEMBER 28, 2024",11,Matue,1993
"WEEK OF SEPTEMBER 28, 2024",12,Felipe & Rodrigo,Gosta de Rua
"WEEK OF SEPTEMBER 28, 2024",13,Luan Santana,Clone
"WEEK OF SEPTEMBER 28, 2024",14,Matue Featuring Brandao85,Isso E Serio
"WEEK OF SEPTEMBER 28, 2024",15,Traia Veia E Luan Pereira,Wi-Fi
"WEEK OF SEPTEMBER 28, 2024",16,Matue Featuring Teto,4Tal
"WEEK OF SEPTEMBER 28, 2024",17,Grelo,De Graca Ou Pagando
"WEEK OF SEPTEMBER 28, 2024",18,"The Box: MC Brinquedo, MC Cebezinho, MC Tuto & MC Laranjinha",The Box Medley Funk 2
"WEEK OF SEPTEMBER 28, 2024",19,Matue,Maria
"WEEK OF SEPTEMBER 28, 2024",20,"DJ Duarte, MC Lipivox, DJ Kayo Original, MC Random & Prime Funk",Ritmada Interestelar
"WEEK OF SEPTEMBER 28, 2024",21,Matue,333
"WEEK OF SEPTEMBER 28, 2024",22,Gusttavo Lima,Morar Nesse Motel
"WEEK OF SEPTEMBER 28, 2024",23,Gusttavo Lima,A Noite (La Notte)
"WEEK OF SEPTEMBER 28, 2024",24,Matue,O Som
"WEEK OF SEPTEMBER 28, 2024",25,Matheus & Kauan,Cronometro
"WEEK OF SEPTEMBER 21, 2024",1,Kaique & Felipe / Luan Pereira,Saveiro
"WEEK OF SEPTEMBER 21, 2024",2,Jorge E Mateus & Henrique & Juliano,Xonei
"WEEK OF SEPTEMBER 21, 2024",3,"MC Cebezinho, MC Tuto, MC Kako, MC LUUKY & MC Kadu",A Danada Me Ligando
"WEEK OF SEPTEMBER 21, 2024",4,Grelo,So Fe
"WEEK OF SEPTEMBER 21, 2024",5,Linkin Park,The Emptiness Machine
"WEEK OF SEPTEMBER 21, 2024",6,Matheus Fernandes & Matheus E Kauan,Triplex
"WEEK OF SEPTEMBER 21, 2024",7,Traia Veia E Luan Pereira,Wi-Fi
"WEEK OF SEPTEMBER 21, 2024",8,Luan Santana,Clone
"WEEK OF SEPTEMBER 21, 2024",9,Lady Gaga & Bruno Mars,Die With A Smile
"WEEK OF SEPTEMBER 21, 2024",10,"The Box: MC Brinquedo, MC Cebezinho, MC Tuto & MC Laranjinha",The Box Medley Funk 2
"WEEK OF SEPTEMBER 21, 2024",11,Felipe & Rodrigo,Gosta de Rua
"WEEK OF SEPTEMBER 21, 2024",12,Matue,Crack Com Mussilon
"WEEK OF SEPTEMBER 21, 2024",13,Grelo,De Graca Ou Pagando
"WEEK OF SEPTEMBER 21, 2024",14,"DJ Duarte, MC Lipivox, DJ Kayo Original, MC Random & Prime Funk",Ritmada Interestelar
"WEEK OF SEPTEMBER 21, 2024",15,Gusttavo Lima,Morar Nesse Motel
"WEEK OF SEPTEMBER 21, 2024",16,Matue Featuring Veigh,Imagina Esse Cenario
"WEEK OF SEPTEMBER 21, 2024",17,Lou Garcia,Nao Fosse Tao Tarde
"WEEK OF SEPTEMBER 21, 2024",18,Matheus & Kauan,Cronometro
"WEEK OF SEPTEMBER 21, 2024",19,Matue Featuring Teto,4Tal
"WEEK OF SEPTEMBER 21, 2024",20,Jorge & Mateus & Lauana Prado,Havera Sinais
"WEEK OF SEPTEMBER 21, 2024",21,Matue,1993
"WEEK OF SEPTEMBER 21, 2024",22,Gustavo Mioto,Eu Fujo
"WEEK OF SEPTEMBER 21, 2024",23,Gloria Groove,Nosso Primeiro Beijo
"WEEK OF SEPTEMBER 21, 2024",24,Murilo Huff E Gustavo Mioto,Me Caiu Tao Bem
"WEEK OF SEPTEMBER 21, 2024",25,Matue Featuring Brandao85,Isso E Serio
"WEEK OF SEPTEMBER 14, 2024",1,Jorge E Mateus & Henrique & Juliano,Xonei
"WEEK OF SEPTEMBER 14, 2024",2,Kaique & Felipe / Luan Pereira,Saveiro
"WEEK OF SEPTEMBER 14, 2024",3,"Nattan, Ze Felipe & O Rei da Batidinha",Patrai
"WEEK OF SEPTEMBER 14, 2024",4,Grelo,So Fe
"WEEK OF SEPTEMBER 14, 2024",5,Traia Veia E Luan Pereira,Wi-Fi
"WEEK OF SEPTEMBER 14, 2024",6,Matheus Fernandes & Matheus E Kauan,Triplex
"WEEK OF SEPTEMBER 14, 2024",7,"The Box: MC Brinquedo, MC Cebezinho, MC Tuto & MC Laranjinha",The Box Medley Funk 2
"WEEK OF SEPTEMBER 14, 2024",8,Felipe & Rodrigo,Gosta de Rua
"WEEK OF SEPTEMBER 14, 2024",9,icaro E Gilmar & Luan Pereira,Diferentona
"WEEK OF SEPTEMBER 14, 2024",10,"MC Cebezinho, MC Tuto, MC Kako, MC LUUKY & MC Kadu",A Danada Me Ligando
"WEEK OF SEPTEMBER 14, 2024",11,Grelo,De Graca Ou Pagando
"WEEK OF SEPTEMBER 14, 2024",12,Luan Santana,Clone
"WEEK OF SEPTEMBER 14, 2024",13,Lady Gaga & Bruno Mars,Die With A Smile
"WEEK OF SEPTEMBER 14, 2024",14,Clayton & Romario,Aproveita
"WEEK OF SEPTEMBER 14, 2024",15,"DJ Duarte, MC Lipivox, DJ Kayo Original, MC Random & Prime Funk",Ritmada Interestelar
"WEEK OF SEPTEMBER 14, 2024",16,Gusttavo Lima,Morar Nesse Motel
"WEEK OF SEPTEMBER 14, 2024",17,Lou Garcia,Nao Fosse Tao Tarde
"WEEK OF SEPTEMBER 14, 2024",18,Gloria Groove,Nosso Primeiro Beijo
"WEEK OF SEPTEMBER 14, 2024",19,Jorge & Mateus & Lauana Prado,Havera Sinais
"WEEK OF SEPTEMBER 14, 2024",20,Mari Fernandez & Ze Felipe,"Louco, Louco"
"WEEK OF SEPTEMBER 14, 2024",21,Murilo Huff E Gustavo Mioto,Me Caiu Tao Bem
"WEEK OF SEPTEMBER 14, 2024",22,"MC LUUKY, MC Ryan SP, DJ Victor, Bolandin 211 & MC Vine7",Sempre Na Simplicidade
"WEEK OF SEPTEMBER 14, 2024",23,Lauana Prado & Ze Neto E Cristiano,Sombra Desconhecida
"WEEK OF SEPTEMBER 14, 2024",24,Matheus & Kauan,Cronometro
"WEEK OF SEPTEMBER 14, 2024",25,DJ SV - Manim Vaqueiro,MTG Forro E Desmantelo
"WEEK OF SEPTEMBER 7, 2024",1,Mari Fernandez & Ze Felipe,"Louco, Louco"
"WEEK OF SEPTEMBER 7, 2024",2,Jorge E Mateus & Henrique & Juliano,Xonei
"WEEK OF SEPTEMBER 7, 2024",3,Grelo,So Fe
"WEEK OF SEPTEMBER 7, 2024",4,icaro E Gilmar & Luan Pereira,Diferentona
"WEEK OF SEPTEMBER 7, 2024",5,Kaique & Felipe / Luan Pereira,Saveiro
"WEEK OF SEPTEMBER 7, 2024",6,Traia Veia E Luan Pereira,Wi-Fi
"WEEK OF SEPTEMBER 7, 2024",7,Matheus Fernandes & Matheus E Kauan,Triplex
"WEEK OF SEPTEMBER 7, 2024",8,"Nattan, Ze Felipe & O Rei da Batidinha",Patrai
"WEEK OF SEPTEMBER 7, 2024",9,"The Box: MC Brinquedo, MC Cebezinho, MC Tuto & MC Laranjinha",The Box Medley Funk 2
"WEEK OF SEPTEMBER 7, 2024",10,Felipe & Rodrigo,Gosta de Rua
"WEEK OF SEPTEMBER 7, 2024",11,Grelo,De Graca Ou Pagando
"WEEK OF SEPTEMBER 7, 2024",12,Clayton & Romario,Aproveita
"WEEK OF SEPTEMBER 7, 2024",13,Gusttavo Lima,Morar Nesse Motel
"WEEK OF SEPTEMBER 7, 2024",14,DJ SV - Manim Vaqueiro,MTG Forro E Desmantelo
"WEEK OF SEPTEMBER 7, 2024",15,Lady Gaga & Bruno Mars,Die With A Smile
"WEEK OF SEPTEMBER 7, 2024",16,Luan Santana,Clone
"WEEK OF SEPTEMBER 7, 2024",17,Lou Garcia,Nao Fosse Tao Tarde
"WEEK OF SEPTEMBER 7, 2024",18,Murilo Huff E Gustavo Mioto,Me Caiu Tao Bem
"WEEK OF SEPTEMBER 7, 2024",19,Jorge & Mateus & Lauana Prado,Havera Sinais
"WEEK OF SEPTEMBER 7, 2024",20,"Oldilla, MCS Gabb, Tato, Boladin, TrapLaudo, LUUKY & Bruno MS",Deixa O Cavalo Correr
"WEEK OF SEPTEMBER 7, 2024",21,"DJ Topo, MC Leozin & Seu Jorge",MTG Quem Nao Quer Sou Eu
"WEEK OF SEPTEMBER 7, 2024",22,"MC LUUKY, MC Ryan SP, DJ Victor, Bolandin 211 & MC Vine7",Sempre Na Simplicidade
"WEEK OF SEPTEMBER 7, 2024",23,Gloria Groove,Nosso Primeiro Beijo
"WEEK OF SEPTEMBER 7, 2024",24,Luisa Sonza & KayBlack,Sagrado Profano
"WEEK OF SEPTEMBER 7, 2024",25,Hugo & Guilherme,Morena De Goiania
"WEEK OF AUGUST 31, 2024",1,Grelo,So Fe
"WEEK OF AUGUST 31, 2024",2,Jorge E Mateus & Henrique & Juliano,Xonei
"WEEK OF AUGUST 31, 2024",3,Matheus Fernandes & Matheus E Kauan,Triplex
"WEEK OF AUGUST 31, 2024",4,Traia Veia E Luan Pereira,Wi-Fi
"WEEK OF AUGUST 31, 2024",5,Felipe & Rodrigo,Gosta de Rua
"WEEK OF AUGUST 31, 2024",6,Kaique & Felipe / Luan Pereira,Saveiro
"WEEK OF AUGUST 31, 2024",7,"The Box: MC Brinquedo, MC Cebezinho, MC Tuto & MC Laranjinha",The Box Medley Funk 2
"WEEK OF AUGUST 31, 2024",8,Gusttavo Lima,Morar Nesse Motel
"WEEK OF AUGUST 31, 2024",9,Grelo,De Graca Ou Pagando
"WEEK OF AUGUST 31, 2024",10,Clayton & Romario,Aproveita
"WEEK OF AUGUST 31, 2024",11,Lou Garcia,Nao Fosse Tao Tarde
"WEEK OF AUGUST 31, 2024",12,DJ SV - Manim Vaqueiro,MTG Forro E Desmantelo
"WEEK OF AUGUST 31, 2024",13,Lady Gaga & Bruno Mars,Die With A Smile
"WEEK OF AUGUST 31, 2024",14,Simone Mendes,Mulher Foda
"WEEK OF AUGUST 31, 2024",15,Murilo Huff E Gustavo Mioto,Me Caiu Tao Bem
"WEEK OF AUGUST 31, 2024",16,Mari Fernandez & Ze Felipe,"Louco, Louco"
"WEEK OF AUGUST 31, 2024",17,Jorge & Mateus & Lauana Prado,Havera Sinais
"WEEK OF AUGUST 31, 2024",18,"MC LUUKY, MC Ryan SP, DJ Victor, Bolandin 211 & MC Vine7",Sempre Na Simplicidade
"WEEK OF AUGUST 31, 2024",19,Hugo & Guilherme,Morena De Goiania
"WEEK OF AUGUST 31, 2024",20,Simone Mendes,Dois Tristes
"WEEK OF AUGUST 31, 2024",21,Gloria Groove,Nosso Primeiro Beijo
"WEEK OF AUGUST 31, 2024",22,Ze Neto & Cristiano & Ana Castela,Foi Intenso
"WEEK OF AUGUST 31, 2024",23,Lauana Prado & Ze Neto E Cristiano,Sombra Desconhecida
"WEEK OF AUGUST 31, 2024",24,Luisa Sonza & KayBlack,Sagrado Profano
"WEEK OF AUGUST 31, 2024",25,"DJ Topo, MC Leozin & Seu Jorge",MTG Quem Nao Quer Sou Eu
"WEEK OF AUGUST 24, 2024",1,Grelo,So Fe
"WEEK OF AUGUST 24, 2024",2,Traia Veia E Luan Pereira,Wi-Fi
"WEEK OF AUGUST 24, 2024",3,Matheus Fernandes & Matheus E Kauan,Triplex
"WEEK OF AUGUST 24, 2024",4,"The Box: MC Brinquedo, MC Cebezinho, MC Tuto & MC Laranjinha",The Box Medley Funk 2
"WEEK OF AUGUST 24, 2024",5,Gusttavo Lima,Morar Nesse Motel
"WEEK OF AUGUST 24, 2024",6,Felipe & Rodrigo,Gosta de Rua
"WEEK OF AUGUST 24, 2024",7,Clayton & Romario,Aproveita
"WEEK OF AUGUST 24, 2024",8,Kaique & Felipe / Luan Pereira,Saveiro
"WEEK OF AUGUST 24, 2024",9,Lou Garcia,Nao Fosse Tao Tarde
"WEEK OF AUGUST 24, 2024",10,DJ SV - Manim Vaqueiro,MTG Forro E Desmantelo
"WEEK OF AUGUST 24, 2024",11,"MC LUUKY, MC Ryan SP, DJ Victor, Bolandin 211 & MC Vine7",Sempre Na Simplicidade
"WEEK OF AUGUST 24, 2024",12,Jorge & Mateus & Lauana Prado,Havera Sinais
"WEEK OF AUGUST 24, 2024",13,Guilherme & Benuto,Chorosa (Ao Vivo)
"WEEK OF AUGUST 24, 2024",14,Murilo Huff E Gustavo Mioto,Me Caiu Tao Bem
"WEEK OF AUGUST 24, 2024",15,KayBlack & Murillo e LT No Beat,Misterios
"WEEK OF AUGUST 24, 2024",16,Luan Santana & Luan Pereira,Eu Sou Sentimento
"WEEK OF AUGUST 24, 2024",17,Luisa Sonza & KayBlack,Sagrado Profano
"WEEK OF AUGUST 24, 2024",18,Simone Mendes,Mulher Foda
"WEEK OF AUGUST 24, 2024",19,Gloria Groove,Nosso Primeiro Beijo
"WEEK OF AUGUST 24, 2024",20,"DJ Topo, MC Leozin & Seu Jorge",MTG Quem Nao Quer Sou Eu
"WEEK OF AUGUST 24, 2024",21,Simone Mendes,Dois Tristes
"WEEK OF AUGUST 24, 2024",22,Hugo & Guilherme,Morena De Goiania
"WEEK OF AUGUST 24, 2024",23,Ze Neto & Cristiano & Ana Castela,Foi Intenso
"WEEK OF AUGUST 24, 2024",24,"CountryBeat, Felix & Leo Souzza",Sonho Dela
"WEEK OF AUGUST 24, 2024",25,Lauana Prado & Ze Neto E Cristiano,Sombra Desconhecida
"WEEK OF AUGUST 17, 2024",1,"The Box: MC Brinquedo, MC Cebezinho, MC Tuto & MC Laranjinha",The Box Medley Funk 2
"WEEK OF AUGUST 17, 2024",2,Traia Veia E Luan Pereira,Wi-Fi
"WEEK OF AUGUST 17, 2024",3,Felipe & Rodrigo,Gosta de Rua
"WEEK OF AUGUST 17, 2024",4,Matheus Fernandes & Matheus E Kauan,Triplex
"WEEK OF AUGUST 17, 2024",5,Gusttavo Lima,Morar Nesse Motel
"WEEK OF AUGUST 17, 2024",6,Clayton & Romario,Aproveita
"WEEK OF AUGUST 17, 2024",7,"MC LUUKY, MC Ryan SP, DJ Victor, Bolandin 211 & MC Vine7",Sempre Na Simplicidade
"WEEK OF AUGUST 17, 2024",8,"DJ Topo, MC Leozin & Seu Jorge",MTG Quem Nao Quer Sou Eu
"WEEK OF AUGUST 17, 2024",9,DJ SV - Manim Vaqueiro,MTG Forro E Desmantelo
"WEEK OF AUGUST 17, 2024",10,Lou Garcia,Nao Fosse Tao Tarde
"WEEK OF AUGUST 17, 2024",11,Simone Mendes,Mulher Foda
"WEEK OF AUGUST 17, 2024",12,KayBlack & Murillo e LT No Beat,Misterios
"WEEK OF AUGUST 17, 2024",13,Murilo Huff E Gustavo Mioto,Me Caiu Tao Bem
"WEEK OF AUGUST 17, 2024",14,Jorge & Mateus & Lauana Prado,Havera Sinais
"WEEK OF AUGUST 17, 2024",15,Luisa Sonza & KayBlack,Sagrado Profano
"WEEK OF AUGUST 17, 2024",16,Luan Santana & Luan Pereira,Eu Sou Sentimento
"WEEK OF AUGUST 17, 2024",17,"CountryBeat, Felix & Leo Souzza",Sonho Dela
"WEEK OF AUGUST 17, 2024",18,Guilherme & Benuto,Chorosa (Ao Vivo)
"WEEK OF AUGUST 17, 2024",19,"Sevdaliza, Pabllo Vittar & Yseult",Alibi
"WEEK OF AUGUST 17, 2024",20,Gloria Groove,Nosso Primeiro Beijo
"WEEK OF AUGUST 17, 2024",21,Simone Mendes,Dois Tristes
"WEEK OF AUGUST 17, 2024",22,Ze Neto & Cristiano & Ana Castela,Foi Intenso
"WEEK OF AUGUST 17, 2024",23,Hugo & Guilherme,Morena De Goiania
"WEEK OF AUGUST 17, 2024",24,Manu & Guilherme & Benuto,Torre Eiffel (Ao Vivo)
"WEEK OF AUGUST 17, 2024",25,Lauana Prado & Ze Neto E Cristiano,Sombra Desconhecida
"WEEK OF AUGUST 10, 2024",1,"The Box: MC Brinquedo, MC Cebezinho, MC Tuto & MC Laranjinha",The Box Medley Funk 2
"WEEK OF AUGUST 10, 2024",2,Felipe & Rodrigo,Gosta de Rua
"WEEK OF AUGUST 10, 2024",3,Matheus Fernandes & Matheus E Kauan,Triplex
"WEEK OF AUGUST 10, 2024",4,"CountryBeat, Felix & Leo Souzza",Sonho Dela
"WEEK OF AUGUST 10, 2024",5,Gusttavo Lima,Morar Nesse Motel
"WEEK OF AUGUST 10, 2024",6,Luan Santana & Luan Pereira,Eu Sou Sentimento
"WEEK OF AUGUST 10, 2024",7,Traia Veia E Luan Pereira,Wi-Fi
"WEEK OF AUGUST 10, 2024",8,"DJ Topo, MC Leozin & Seu Jorge",MTG Quem Nao Quer Sou Eu
"WEEK OF AUGUST 10, 2024",9,"Sevdaliza, Pabllo Vittar & Yseult",Alibi
"WEEK OF AUGUST 10, 2024",10,"MC LUUKY, MC Ryan SP, DJ Victor, Bolandin 211 & MC Vine7",Sempre Na Simplicidade
"WEEK OF AUGUST 10, 2024",11,Ze Neto & Cristiano & Ana Castela,Foi Intenso
"WEEK OF AUGUST 10, 2024",12,Murilo Huff E Gustavo Mioto,Me Caiu Tao Bem
"WEEK OF AUGUST 10, 2024",13,Jorge & Mateus & Lauana Prado,Havera Sinais
"WEEK OF AUGUST 10, 2024",14,Lou Garcia,Nao Fosse Tao Tarde
"WEEK OF AUGUST 10, 2024",15,Simone Mendes,Dois Tristes
"WEEK OF AUGUST 10, 2024",16,Manu & Guilherme & Benuto,Torre Eiffel (Ao Vivo)
"WEEK OF AUGUST 10, 2024",17,Clayton & Romario,Aproveita
"WEEK OF AUGUST 10, 2024",18,DJ SV - Manim Vaqueiro,MTG Forro E Desmantelo
"WEEK OF AUGUST 10, 2024",19,Simone Mendes,Mulher Foda
"WEEK OF AUGUST 10, 2024",20,Gloria Groove,Nosso Primeiro Beijo
"WEEK OF AUGUST 10, 2024",21,Luisa Sonza & KayBlack,Sagrado Profano
"WEEK OF AUGUST 10, 2024",22,KayBlack & Murillo e LT No Beat,Misterios
"WEEK OF AUGUST 10, 2024",23,Hugo & Guilherme,Morena De Goiania
"WEEK OF AUGUST 10, 2024",24,Ze Neto & Cristiano & Luan Santana,Melacao
"WEEK OF AUGUST 10, 2024",25,Jimin,Who
"WEEK OF AUGUST 3, 2024",1,"The Box: MC Brinquedo, MC Cebezinho, MC Tuto & MC Laranjinha",The Box Medley Funk 2
"WEEK OF AUGUST 3, 2024",2,Felipe & Rodrigo,Gosta de Rua
"WEEK OF AUGUST 3, 2024",3,Matheus Fernandes & Matheus E Kauan,Triplex
"WEEK OF AUGUST 3, 2024",4,"CountryBeat, Felix & Leo Souzza",Sonho Dela
"WEEK OF AUGUST 3, 2024",5,"Sevdaliza, Pabllo Vittar & Yseult",Alibi
"WEEK OF AUGUST 3, 2024",6,Gusttavo Lima,Morar Nesse Motel
"WEEK OF AUGUST 3, 2024",7,Luan Santana & Luan Pereira,Eu Sou Sentimento
"WEEK OF AUGUST 3, 2024",8,"DJ Topo, MC Leozin & Seu Jorge",MTG Quem Nao Quer Sou Eu
"WEEK OF AUGUST 3, 2024",9,Ze Neto & Cristiano & Ana Castela,Foi Intenso
"WEEK OF AUGUST 3, 2024",10,Jorge & Mateus & Lauana Prado,Havera Sinais
"WEEK OF AUGUST 3, 2024",11,Luisa Sonza & KayBlack,Sagrado Profano
"WEEK OF AUGUST 3, 2024",12,DJ SV - Manim Vaqueiro,MTG Forro E Desmantelo
"WEEK OF AUGUST 3, 2024",13,Simone Mendes,Dois Tristes
"WEEK OF AUGUST 3, 2024",14,"MC IG, MC Ryan SP, MC Poze do Rodo & Oruam",Filha do Deputado
"WEEK OF AUGUST 3, 2024",15,Murilo Huff E Gustavo Mioto,Me Caiu Tao Bem
"WEEK OF AUGUST 3, 2024",16,Lou Garcia,Nao Fosse Tao Tarde
"WEEK OF AUGUST 3, 2024",17,Gloria Groove,Nosso Primeiro Beijo
"WEEK OF AUGUST 3, 2024",18,Hugo & Guilherme,Morena De Goiania
"WEEK OF AUGUST 3, 2024",19,Clayton & Romario,Aproveita
"WEEK OF AUGUST 3, 2024",20,Lauana Prado & Ze Neto E Cristiano,Sombra Desconhecida
"WEEK OF AUGUST 3, 2024",21,WIU,Rainha da Finesse
"WEEK OF AUGUST 3, 2024",22,"MC IG, Murillo e LT no Beat & DJ Glenner",Sorriso No Rosto
"WEEK OF AUGUST 3, 2024",23,"DJ JZ, Humberto & Ronaldo, mc mininin & Silvanno Salles",MTG Quero Te Encontrar
"WEEK OF AUGUST 3, 2024",24,Luan Pereira & Murilo Huff,Falta De Que?
"WEEK OF AUGUST 3, 2024",25,Ze Neto & Cristiano & Luan Santana,Melacao
"WEEK OF JULY 27, 2024",1,"The Box: MC Brinquedo, MC Cebezinho, MC Tuto & MC Laranjinha",The Box Medley Funk 2
"WEEK OF JULY 27, 2024",2,Felipe & Rodrigo,Gosta de Rua
"WEEK OF JULY 27, 2024",3,Matheus Fernandes & Matheus E Kauan,Triplex
"WEEK OF JULY 27, 2024",4,"CountryBeat, Felix & Leo Souzza",Sonho Dela
"WEEK OF JULY 27, 2024",5,"DJ Topo, MC Leozin & Seu Jorge",MTG Quem Nao Quer Sou Eu
"WEEK OF JULY 27, 2024",6,"Sevdaliza, Pabllo Vittar & Yseult",Alibi
"WEEK OF JULY 27, 2024",7,Gusttavo Lima,Morar Nesse Motel
"WEEK OF JULY 27, 2024",8,Luan Santana & Luan Pereira,Eu Sou Sentimento
"WEEK OF JULY 27, 2024",9,Luisa Sonza & KayBlack,Sagrado Profano
"WEEK OF JULY 27, 2024",10,Ze Neto & Cristiano & Ana Castela,Foi Intenso
"WEEK OF JULY 27, 2024",11,DJ SV - Manim Vaqueiro,MTG Forro E Desmantelo
"WEEK OF JULY 27, 2024",12,Jorge & Mateus & Lauana Prado,Havera Sinais
"WEEK OF JULY 27, 2024",13,Simone Mendes,Dois Tristes
"WEEK OF JULY 27, 2024",14,"MC IG, MC Ryan SP, MC Poze do Rodo & Oruam",Filha do Deputado
"WEEK OF JULY 27, 2024",15,Murilo Huff E Gustavo Mioto,Me Caiu Tao Bem
"WEEK OF JULY 27, 2024",16,Gloria Groove,Nosso Primeiro Beijo
"WEEK OF JULY 27, 2024",17,Lauana Prado & Ze Neto E Cristiano,Sombra Desconhecida
"WEEK OF JULY 27, 2024",18,"MC IG, Murillo e LT no Beat & DJ Glenner",Sorriso No Rosto
"WEEK OF JULY 27, 2024",19,Ze Neto & Cristiano,Deu Moral
"WEEK OF JULY 27, 2024",20,"DJ JZ, Humberto & Ronaldo, mc mininin & Silvanno Salles",MTG Quero Te Encontrar
"WEEK OF JULY 27, 2024",21,Luan Pereira & Murilo Huff,Falta De Que?
"WEEK OF JULY 27, 2024",22,Hugo & Guilherme,Morena De Goiania
"WEEK OF JULY 27, 2024",23,DJ Luan Gomes,MTG Quero Ver Se Voce Tem Atitude
"WEEK OF JULY 27, 2024",24,Lou Garcia,Nao Fosse Tao Tarde
"WEEK OF JULY 27, 2024",25,Clayton & Romario,Aproveita
"WEEK OF JULY 20, 2024",1,Felipe & Rodrigo,Gosta de Rua
"WEEK OF JULY 20, 2024",2,"The Box: MC Brinquedo, MC Cebezinho, MC Tuto & MC Laranjinha",The Box Medley Funk 2
"WEEK OF JULY 20, 2024",3,"DJ Topo, MC Leozin & Seu Jorge",MTG Quem Nao Quer Sou Eu
"WEEK OF JULY 20, 2024",4,"CountryBeat, Felix & Leo Souzza",Sonho Dela
"WEEK OF JULY 20, 2024",5,Luisa Sonza & KayBlack,Sagrado Profano
"WEEK OF JULY 20, 2024",6,DJ SV - Manim Vaqueiro,MTG Forro E Desmantelo
"WEEK OF JULY 20, 2024",7,Matheus Fernandes & Matheus E Kauan,Triplex
"WEEK OF JULY 20, 2024",8,Ze Neto & Cristiano & Ana Castela,Foi Intenso
"WEEK OF JULY 20, 2024",9,Luan Santana & Luan Pereira,Eu Sou Sentimento
"WEEK OF JULY 20, 2024",10,"Bruno & Marrone, Ze Felipe, MC Jacare & Loirin Prod",Desilusao (MTG)
"WEEK OF JULY 20, 2024",11,"MC IG, MC Ryan SP, MC Poze do Rodo & Oruam",Filha do Deputado
"WEEK OF JULY 20, 2024",12,DJ Luan Gomes,MTG Quero Ver Se Voce Tem Atitude
"WEEK OF JULY 20, 2024",13,Jorge & Mateus & Lauana Prado,Havera Sinais
"WEEK OF JULY 20, 2024",14,Gusttavo Lima,Morar Nesse Motel
"WEEK OF JULY 20, 2024",15,Simone Mendes,Dois Tristes
"WEEK OF JULY 20, 2024",16,"Sevdaliza, Pabllo Vittar & Yseult",Alibi
"WEEK OF JULY 20, 2024",17,"MC IG, Murillo e LT no Beat & DJ Glenner",Sorriso No Rosto
"WEEK OF JULY 20, 2024",18,Ze Neto & Cristiano,Deu Moral
"WEEK OF JULY 20, 2024",19,"DJ JZ, Humberto & Ronaldo, mc mininin & Silvanno Salles",MTG Quero Te Encontrar
"WEEK OF JULY 20, 2024",20,Murilo Huff E Gustavo Mioto,Me Caiu Tao Bem
"WEEK OF JULY 20, 2024",21,Luan Pereira & Murilo Huff,Falta De Que?
"WEEK OF JULY 20, 2024",22,Gloria Groove,Nosso Primeiro Beijo
"WEEK OF JULY 20, 2024",23,Hugo & Guilherme,Morena De Goiania
"WEEK OF JULY 20, 2024",24,Hugo & Guilherme,Vazou Na Braquiara
"WEEK OF JULY 20, 2024",25,Murilo Huff,Anestesiado
"WEEK OF JULY 13, 2024",1,Felipe & Rodrigo,Gosta de Rua
"WEEK OF JULY 13, 2024",2,"The Box: MC Brinquedo, MC Cebezinho, MC Tuto & MC Laranjinha",The Box Medley Funk 2
"WEEK OF JULY 13, 2024",3,"DJ Topo, MC Leozin & Seu Jorge",MTG Quem Nao Quer Sou Eu
"WEEK OF JULY 13, 2024",4,Luisa Sonza & KayBlack,Sagrado Profano
"WEEK OF JULY 13, 2024",5,DJ SV - Manim Vaqueiro,MTG Forro E Desmantelo
"WEEK OF JULY 13, 2024",6,"CountryBeat, Felix & Leo Souzza",Sonho Dela
"WEEK OF JULY 13, 2024",7,"MC IG, Murillo e LT no Beat & DJ Glenner",Sorriso No Rosto
"WEEK OF JULY 13, 2024",8,Ze Neto & Cristiano & Ana Castela,Foi Intenso
"WEEK OF JULY 13, 2024",9,DJ Luan Gomes,MTG Quero Ver Se Voce Tem Atitude
"WEEK OF JULY 13, 2024",10,Matheus Fernandes & Matheus E Kauan,Triplex
"WEEK OF JULY 13, 2024",11,Simone Mendes,Dois Tristes
"WEEK OF JULY 13, 2024",12,Luan Santana & Luan Pereira,Eu Sou Sentimento
"WEEK OF JULY 13, 2024",13,Jorge & Mateus & Lauana Prado,Havera Sinais
"WEEK OF JULY 13, 2024",14,"DJ JZ, Humberto & Ronaldo, mc mininin & Silvanno Salles",MTG Quero Te Encontrar
"WEEK OF JULY 13, 2024",15,"MC IG, MC Ryan SP, MC Poze do Rodo & Oruam",Filha do Deputado
"WEEK OF JULY 13, 2024",16,"Sevdaliza, Pabllo Vittar & Yseult",Alibi
"WEEK OF JULY 13, 2024",17,Murilo Huff E Gustavo Mioto,Me Caiu Tao Bem
"WEEK OF JULY 13, 2024",18,Luan Pereira & Murilo Huff,Falta De Que?
"WEEK OF JULY 13, 2024",19,Ze Neto & Cristiano,Deu Moral
"WEEK OF JULY 13, 2024",20,DJ Vn Maestro & MC G DS,Eu So Comi Ela Uma Vez
"WEEK OF JULY 13, 2024",21,Hugo & Guilherme,Morena De Goiania
"WEEK OF JULY 13, 2024",22,Gloria Groove,Nosso Primeiro Beijo
"WEEK OF JULY 13, 2024",23,Gusttavo Lima,Morar Nesse Motel
"WEEK OF JULY 13, 2024",24,Mari Fernandez,Pagina de Ex (Ao Vivo No RJ)
"WEEK OF JULY 13, 2024",25,Murilo Huff,Anestesiado
"WEEK OF JULY 6, 2024",1,Felipe & Rodrigo,Gosta de Rua
"WEEK OF JULY 6, 2024",2,"DJ Topo, MC Leozin & Seu Jorge",MTG Quem Nao Quer Sou Eu
"WEEK OF JULY 6, 2024",3,DJ SV - Manim Vaqueiro,MTG Forro E Desmantelo
"WEEK OF JULY 6, 2024",4,Luisa Sonza & KayBlack,Sagrado Profano
"WEEK OF JULY 6, 2024",5,"The Box: MC Brinquedo, MC Cebezinho, MC Tuto & MC Laranjinha",The Box Medley Funk 2
"WEEK OF JULY 6, 2024",6,"MC IG, Murillo e LT no Beat & DJ Glenner",Sorriso No Rosto
"WEEK OF JULY 6, 2024",7,DJ Luan Gomes,MTG Quero Ver Se Voce Tem Atitude
"WEEK OF JULY 6, 2024",8,Luan Santana & Luan Pereira,Eu Sou Sentimento
"WEEK OF JULY 6, 2024",9,"CountryBeat, Felix & Leo Souzza",Sonho Dela
"WEEK OF JULY 6, 2024",10,Ze Neto & Cristiano & Ana Castela,Foi Intenso
"WEEK OF JULY 6, 2024",11,Simone Mendes,Dois Tristes
"WEEK OF JULY 6, 2024",12,"DJ JZ, Humberto & Ronaldo, mc mininin & Silvanno Salles",MTG Quero Te Encontrar
"WEEK OF JULY 6, 2024",13,Luan Pereira & Murilo Huff,Falta De Que?
"WEEK OF JULY 6, 2024",14,Murilo Huff E Gustavo Mioto,Me Caiu Tao Bem
"WEEK OF JULY 6, 2024",15,Jorge & Mateus & Lauana Prado,Havera Sinais
"WEEK OF JULY 6, 2024",16,Ze Neto & Cristiano,Deu Moral
"WEEK OF JULY 6, 2024",17,Hugo & Guilherme,Morena De Goiania
"WEEK OF JULY 6, 2024",18,DJ Vn Maestro & MC G DS,Eu So Comi Ela Uma Vez
"WEEK OF JULY 6, 2024",19,Gloria Groove,Nosso Primeiro Beijo
"WEEK OF JULY 6, 2024",20,Murilo Huff,Anestesiado
"WEEK OF JULY 6, 2024",21,Hugo & Guilherme,Vazou Na Braquiara
"WEEK OF JULY 6, 2024",22,Ze Neto & Cristiano,Barulho Do Foguete
"WEEK OF JULY 6, 2024",23,Kaka E Pedrinho,Piracao
"WEEK OF JULY 6, 2024",24,"DJ Zigao, DJ Lafon do MD, Rodrigo do CN & MC RF",Te Maceto Depois Do Baile
"WEEK OF JULY 6, 2024",25,"L7nnon, MC Cabelinho, Palma & HHR",Vamo Marolar
"WEEK OF JUNE 29, 2024",1,"DJ Topo, MC Leozin & Seu Jorge",MTG Quem Nao Quer Sou Eu
"WEEK OF JUNE 29, 2024",2,DJ SV - Manim Vaqueiro,MTG Forro E Desmantelo
"WEEK OF JUNE 29, 2024",3,"The Box: MC Brinquedo, MC Cebezinho, MC Tuto & MC Laranjinha",The Box Medley Funk 2
"WEEK OF JUNE 29, 2024",4,Luisa Sonza & KayBlack,Sagrado Profano
"WEEK OF JUNE 29, 2024",5,Felipe & Rodrigo,Gosta de Rua
"WEEK OF JUNE 29, 2024",6,"MC IG, Murillo e LT no Beat & DJ Glenner",Sorriso No Rosto
"WEEK OF JUNE 29, 2024",7,Luan Santana & Luan Pereira,Eu Sou Sentimento
"WEEK OF JUNE 29, 2024",8,Simone Mendes,Dois Tristes
"WEEK OF JUNE 29, 2024",9,DJ Luan Gomes,MTG Quero Ver Se Voce Tem Atitude
"WEEK OF JUNE 29, 2024",10,"CountryBeat, Felix & Leo Souzza",Sonho Dela
"WEEK OF JUNE 29, 2024",11,Ze Neto & Cristiano & Ana Castela,Foi Intenso
"WEEK OF JUNE 29, 2024",12,Luan Pereira & Murilo Huff,Falta De Que?
"WEEK OF JUNE 29, 2024",13,"DJ JZ, Humberto & Ronaldo, mc mininin & Silvanno Salles",MTG Quero Te Encontrar
"WEEK OF JUNE 29, 2024",14,Jorge & Mateus & Lauana Prado,Havera Sinais
"WEEK OF JUNE 29, 2024",15,Murilo Huff E Gustavo Mioto,Me Caiu Tao Bem
"WEEK OF JUNE 29, 2024",16,Ze Neto & Cristiano,Deu Moral
"WEEK OF JUNE 29, 2024",17,Murilo Huff,Anestesiado
"WEEK OF JUNE 29, 2024",18,Gloria Groove,Nosso Primeiro Beijo
"WEEK OF JUNE 29, 2024",19,Hugo & Guilherme,Vazou Na Braquiara
"WEEK OF JUNE 29, 2024",20,Hugo & Guilherme,Morena De Goiania
"WEEK OF JUNE 29, 2024",21,"L7nnon, MC Cabelinho, Palma & HHR",Vamo Marolar
"WEEK OF JUNE 29, 2024",22,Ze Neto & Cristiano,Barulho Do Foguete
"WEEK OF JUNE 29, 2024",23,Billie Eilish,Chihiro
"WEEK OF JUNE 29, 2024",24,Thullio Milionario,Casca De Bala
"WEEK OF JUNE 29, 2024",25,Lauana Prado,Me Leva Pra Casa/Escrito Nas Estrelas/Saudade (Ao Vivo)
"WEEK OF JUNE 22, 2024",1,"DJ Topo, MC Leozin & Seu Jorge",MTG Quem Nao Quer Sou Eu
"WEEK OF JUNE 22, 2024",2,"The Box: MC Brinquedo, MC Cebezinho, MC Tuto & MC Laranjinha",The Box Medley Funk 2
"WEEK OF JUNE 22, 2024",3,DJ SV - Manim Vaqueiro,MTG Forro E Desmantelo
"WEEK OF JUNE 22, 2024",4,Felipe & Rodrigo,Gosta de Rua
"WEEK OF JUNE 22, 2024",5,DJ Luan Gomes,MTG Quero Ver Se Voce Tem Atitude
"WEEK OF JUNE 22, 2024",6,Simone Mendes,Dois Tristes
"WEEK OF JUNE 22, 2024",7,Luisa Sonza & KayBlack,Sagrado Profano
"WEEK OF JUNE 22, 2024",8,"MC IG, Murillo e LT no Beat & DJ Glenner",Sorriso No Rosto
"WEEK OF JUNE 22, 2024",9,Luan Pereira & Murilo Huff,Falta De Que?
"WEEK OF JUNE 22, 2024",10,"CountryBeat, Felix & Leo Souzza",Sonho Dela
"WEEK OF JUNE 22, 2024",11,"DJ JZ, Humberto & Ronaldo, mc mininin & Silvanno Salles",MTG Quero Te Encontrar
"WEEK OF JUNE 22, 2024",12,Ze Neto & Cristiano & Ana Castela,Foi Intenso
"WEEK OF JUNE 22, 2024",13,"MC Dudu, DJ Ws da Igrejinha, DJ JOAO PEREIRA, Sk, MC TH DA SERRA & DaLama",Nao Vou Namorar
"WEEK OF JUNE 22, 2024",14,Jorge & Mateus & Lauana Prado,Havera Sinais
"WEEK OF JUNE 22, 2024",15,Ze Neto & Cristiano,Deu Moral
"WEEK OF JUNE 22, 2024",16,"L7nnon, MC Cabelinho, Palma & HHR",Vamo Marolar
"WEEK OF JUNE 22, 2024",17,Murilo Huff,Anestesiado
"WEEK OF JUNE 22, 2024",18,Ze Neto & Cristiano,Barulho Do Foguete
"WEEK OF JUNE 22, 2024",19,Luan Santana & Luan Pereira,Eu Sou Sentimento
"WEEK OF JUNE 22, 2024",20,Hugo & Guilherme,Morena De Goiania
"WEEK OF JUNE 22, 2024",21,Hugo & Guilherme,Vazou Na Braquiara
"WEEK OF JUNE 22, 2024",22,Thullio Milionario,Casca De Bala
"WEEK OF JUNE 22, 2024",23,Billie Eilish,Chihiro
"WEEK OF JUNE 22, 2024",24,Manu Bahtidao & Simone Mendes,Daqui Pra Sempre
"WEEK OF JUNE 22, 2024",25,"Veigh, Nagalli & KayBlack",Confissoes Pt2
"WEEK OF JUNE 15, 2024",1,"DJ Topo, MC Leozin & Seu Jorge",MTG Quem Nao Quer Sou Eu
"WEEK OF JUNE 15, 2024",2,Gustavo Moura & Rafael,Digitando
"WEEK OF JUNE 15, 2024",3,"The Box: MC Brinquedo, MC Cebezinho, MC Tuto & MC Laranjinha",The Box Medley Funk 2
"WEEK OF JUNE 15, 2024",4,Simone Mendes,Dois Tristes
"WEEK OF JUNE 15, 2024",5,Felipe & Rodrigo,Gosta de Rua
"WEEK OF JUNE 15, 2024",6,Luan Pereira & Murilo Huff,Falta De Que?
"WEEK OF JUNE 15, 2024",7,Jorge & Mateus & Lauana Prado,Havera Sinais
"WEEK OF JUNE 15, 2024",8,Ze Neto & Cristiano & Ana Castela,Foi Intenso
"WEEK OF JUNE 15, 2024",9,DJ SV - Manim Vaqueiro,MTG Forro E Desmantelo
"WEEK OF JUNE 15, 2024",10,"DJ JZ, Humberto & Ronaldo, mc mininin & Silvanno Salles",MTG Quero Te Encontrar
"WEEK OF JUNE 15, 2024",11,"MC Dudu, DJ Ws da Igrejinha, DJ JOAO PEREIRA, Sk, MC TH DA SERRA & DaLama",Nao Vou Namorar
"WEEK OF JUNE 15, 2024",12,"CountryBeat, Felix & Leo Souzza",Sonho Dela
"WEEK OF JUNE 15, 2024",13,Ze Neto & Cristiano,Deu Moral
"WEEK OF JUNE 15, 2024",14,"L7nnon, MC Cabelinho, Palma & HHR",Vamo Marolar
"WEEK OF JUNE 15, 2024",15,"MC IG, Murillo e LT no Beat & DJ Glenner",Sorriso No Rosto
"WEEK OF JUNE 15, 2024",16,Manu Bahtidao & Simone Mendes,Daqui Pra Sempre
"WEEK OF JUNE 15, 2024",17,Murilo Huff,Anestesiado
"WEEK OF JUNE 15, 2024",18,Hugo & Guilherme,Vazou Na Braquiara
"WEEK OF JUNE 15, 2024",19,Luisa Sonza & KayBlack,Sagrado Profano
"WEEK OF JUNE 15, 2024",20,Ze Neto & Cristiano,Barulho Do Foguete
"WEEK OF JUNE 15, 2024",21,"Veigh, Nagalli & KayBlack",Confissoes Pt2
"WEEK OF JUNE 15, 2024",22,Hugo & Guilherme,Morena De Goiania
"WEEK OF JUNE 15, 2024",23,Thullio Milionario,Casca De Bala
"WEEK OF JUNE 15, 2024",24,DJ Luan Gomes,MTG Quero Ver Se Voce Tem Atitude
"WEEK OF JUNE 15, 2024",25,Lauana Prado,Me Leva Pra Casa/Escrito Nas Estrelas/Saudade (Ao Vivo)
"WEEK OF JUNE 8, 2024",1,"DJ Topo, MC Leozin & Seu Jorge",MTG Quem Nao Quer Sou Eu
"WEEK OF JUNE 8, 2024",2,Gustavo Moura & Rafael,Digitando
"WEEK OF JUNE 8, 2024",3,Simone Mendes,Dois Tristes
"WEEK OF JUNE 8, 2024",4,"The Box: MC Brinquedo, MC Cebezinho, MC Tuto & MC Laranjinha",The Box Medley Funk 2
"WEEK OF JUNE 8, 2024",5,Felipe & Rodrigo,Gosta de Rua
"WEEK OF JUNE 8, 2024",6,Jorge & Mateus & Lauana Prado,Havera Sinais
"WEEK OF JUNE 8, 2024",7,Ze Neto & Cristiano & Ana Castela,Foi Intenso
"WEEK OF JUNE 8, 2024",8,Luan Pereira & Murilo Huff,Falta De Que?
"WEEK OF JUNE 8, 2024",9,"DJ JZ, Humberto & Ronaldo, mc mininin & Silvanno Salles",MTG Quero Te Encontrar
"WEEK OF JUNE 8, 2024",10,"MC Dudu, DJ Ws da Igrejinha, DJ JOAO PEREIRA, Sk, MC TH DA SERRA & DaLama",Nao Vou Namorar
"WEEK OF JUNE 8, 2024",11,DJ SV - Manim Vaqueiro,MTG Forro E Desmantelo
"WEEK OF JUNE 8, 2024",12,Ze Neto & Cristiano,Deu Moral
"WEEK OF JUNE 8, 2024",13,"L7nnon, MC Cabelinho, Palma & HHR",Vamo Marolar
"WEEK OF JUNE 8, 2024",14,Manu Bahtidao & Simone Mendes,Daqui Pra Sempre
"WEEK OF JUNE 8, 2024",15,Traia Veia & Gusttavo Lima,Equivocada
"WEEK OF JUNE 8, 2024",16,"CountryBeat, Felix & Leo Souzza",Sonho Dela
"WEEK OF JUNE 8, 2024",17,Matheus & Kauan,Nao Sei Se To Solteiro
"WEEK OF JUNE 8, 2024",18,Hugo & Guilherme,Vazou Na Braquiara
"WEEK OF JUNE 8, 2024",19,Hugo & Guilherme,Morena De Goiania
"WEEK OF JUNE 8, 2024",20,Thiago & Samuel,Amor Diferente
"WEEK OF JUNE 8, 2024",21,Murilo Huff,Anestesiado
"WEEK OF JUNE 8, 2024",22,Luan Pereira & MC Daniel,Entra Na Defender
"WEEK OF JUNE 8, 2024",23,"Veigh, Nagalli & KayBlack",Confissoes Pt2
"WEEK OF JUNE 8, 2024",24,Thullio Milionario,Casca De Bala
"WEEK OF JUNE 8, 2024",25,Simone Mendes,Dois Fugitivos
"WEEK OF JUNE 1, 2024",1,Gustavo Moura & Rafael,Digitando
"WEEK OF JUNE 1, 2024",2,"The Box: MC Brinquedo, MC Cebezinho, MC Tuto & MC Laranjinha",The Box Medley Funk 2
"WEEK OF JUNE 1, 2024",3,"DJ Topo, MC Leozin & Seu Jorge",MTG Quem Nao Quer Sou Eu
"WEEK OF JUNE 1, 2024",4,Felipe & Rodrigo,Gosta de Rua
"WEEK OF JUNE 1, 2024",5,Simone Mendes,Dois Tristes
"WEEK OF JUNE 1, 2024",6,Jorge & Mateus & Lauana Prado,Havera Sinais
"WEEK OF JUNE 1, 2024",7,"DJ JZ, Humberto & Ronaldo, mc mininin & Silvanno Salles",MTG Quero Te Encontrar
"WEEK OF JUNE 1, 2024",8,Ze Neto & Cristiano & Ana Castela,Foi Intenso
"WEEK OF JUNE 1, 2024",9,Luan Pereira & MC Daniel,Entra Na Defender
"WEEK OF JUNE 1, 2024",10,Ze Neto & Cristiano,Deu Moral
"WEEK OF JUNE 1, 2024",11,"MC Dudu, DJ Ws da Igrejinha, DJ JOAO PEREIRA, Sk, MC TH DA SERRA & DaLama",Nao Vou Namorar
"WEEK OF JUNE 1, 2024",12,"L7nnon, MC Cabelinho, Palma & HHR",Vamo Marolar
"WEEK OF JUNE 1, 2024",13,DJ SV - Manim Vaqueiro,MTG Forro E Desmantelo
"WEEK OF JUNE 1, 2024",14,Hugo & Guilherme,Morena De Goiania
"WEEK OF JUNE 1, 2024",15,Billie Eilish,Lunch
"WEEK OF JUNE 1, 2024",16,Luan Pereira & Murilo Huff,Falta De Que?
"WEEK OF JUNE 1, 2024",17,Hugo & Guilherme,Vazou Na Braquiara
"WEEK OF JUNE 1, 2024",18,Ze Neto & Cristiano,Barulho Do Foguete
"WEEK OF JUNE 1, 2024",19,Thullio Milionario,Casca De Bala
"WEEK OF JUNE 1, 2024",20,Billie Eilish,Chihiro
"WEEK OF JUNE 1, 2024",21,Murilo Huff,Anestesiado
"WEEK OF JUNE 1, 2024",22,Manu Bahtidao & Simone Mendes,Daqui Pra Sempre
"WEEK OF JUNE 1, 2024",23,"Ana Castela, Hungria & Alok",Lua
"WEEK OF JUNE 1, 2024",24,Traia Veia & Gusttavo Lima,Equivocada
"WEEK OF JUNE 1, 2024",25,"CountryBeat, Felix & Leo Souzza",Sonho Dela
"WEEK OF MAY 25, 2024",1,Gustavo Moura & Rafael,Digitando
"WEEK OF MAY 25, 2024",2,"The Box: MC Brinquedo, MC Cebezinho, MC Tuto & MC Laranjinha",The Box Medley Funk 2
"WEEK OF MAY 25, 2024",3,Felipe & Rodrigo,Gosta de Rua
"WEEK OF MAY 25, 2024",4,"DJ JZ, Humberto & Ronaldo, mc mininin & Silvanno Salles",MTG Quero Te Encontrar
"WEEK OF MAY 25, 2024",5,Ze Neto & Cristiano,Deu Moral
"WEEK OF MAY 25, 2024",6,Jorge & Mateus & Lauana Prado,Havera Sinais
"WEEK OF MAY 25, 2024",7,Simone Mendes,Dois Tristes
"WEEK OF MAY 25, 2024",8,Luan Pereira & MC Daniel,Entra Na Defender
"WEEK OF MAY 25, 2024",9,"MC Dudu, DJ Ws da Igrejinha, DJ JOAO PEREIRA, Sk, MC TH DA SERRA & DaLama",Nao Vou Namorar
"WEEK OF MAY 25, 2024",10,"L7nnon, MC Cabelinho, Palma & HHR",Vamo Marolar
"WEEK OF MAY 25, 2024",11,Ze Neto & Cristiano & Ana Castela,Foi Intenso
"WEEK OF MAY 25, 2024",12,"Veigh, Nagalli & KayBlack",Confissoes Pt2
"WEEK OF MAY 25, 2024",13,Thullio Milionario,Casca De Bala
"WEEK OF MAY 25, 2024",14,Ze Neto & Cristiano,Barulho Do Foguete
"WEEK OF MAY 25, 2024",15,Hugo & Guilherme,Vazou Na Braquiara
"WEEK OF MAY 25, 2024",16,Hugo & Guilherme,Morena De Goiania
"WEEK OF MAY 25, 2024",17,Murilo Huff,Anestesiado
"WEEK OF MAY 25, 2024",18,Lauana Prado,Me Leva Pra Casa/Escrito Nas Estrelas/Saudade (Ao Vivo)
"WEEK OF MAY 25, 2024",19,Manu Bahtidao & Simone Mendes,Daqui Pra Sempre
"WEEK OF MAY 25, 2024",20,"Ana Castela, Hungria & Alok",Lua
"WEEK OF MAY 25, 2024",21,"MC Paulin da Capital, MC Piedro, MC Ryan SP, MC Daniel, DJ WN & DJ GM",Samba de Malandro
"WEEK OF MAY 25, 2024",22,MC Saci Featuring mc pretchako,Aquariano Nato
"WEEK OF MAY 25, 2024",23,DJ SV - Manim Vaqueiro,MTG Forro E Desmantelo
"WEEK OF MAY 25, 2024",24,WIU & Teto,Problemas de Um Milionario
"WEEK OF MAY 25, 2024",25,Matheus & Kauan,Nao Recomendo
"WEEK OF MAY 18, 2024",1,Gustavo Moura & Rafael,Digitando
"WEEK OF MAY 18, 2024",2,"DJ JZ, Humberto & Ronaldo, mc mininin & Silvanno Salles",MTG Quero Te Encontrar
"WEEK OF MAY 18, 2024",3,Felipe & Rodrigo,Gosta de Rua
"WEEK OF MAY 18, 2024",4,Za Vaqueiro,Maravilhosa
"WEEK OF MAY 18, 2024",5,"The Box: MC Brinquedo, MC Cebezinho, MC Tuto & MC Laranjinha",The Box Medley Funk 2
"WEEK OF MAY 18, 2024",6,Jorge & Mateus & Lauana Prado,Havera Sinais
"WEEK OF MAY 18, 2024",7,Luan Pereira & MC Daniel,Entra Na Defender
"WEEK OF MAY 18, 2024",8,"Veigh, Nagalli & KayBlack",Confissoes Pt2
"WEEK OF MAY 18, 2024",9,Simone Mendes,Dois Tristes
"WEEK OF MAY 18, 2024",10,"MC Dudu, DJ Ws da Igrejinha, DJ JOAO PEREIRA, Sk, MC TH DA SERRA & DaLama",Nao Vou Namorar
"WEEK OF MAY 18, 2024",11,Thullio Milionario,Casca De Bala
"WEEK OF MAY 18, 2024",12,Ze Neto & Cristiano,Deu Moral
"WEEK OF MAY 18, 2024",13,Ze Neto & Cristiano,Barulho Do Foguete
"WEEK OF MAY 18, 2024",14,Hugo & Guilherme,Morena De Goiania
"WEEK OF MAY 18, 2024",15,Hugo & Guilherme,Vazou Na Braquiara
"WEEK OF MAY 18, 2024",16,"L7nnon, MC Cabelinho, Palma & HHR",Vamo Marolar
"WEEK OF MAY 18, 2024",17,Matue & MC Ryan SP,Filho da Noite
"WEEK OF MAY 18, 2024",18,Bruhh Sua Bonequinha & Dom Silver,Chorei Quando Me Disse Tchau
"WEEK OF MAY 18, 2024",19,"MC Paulin da Capital, MC Piedro, MC Ryan SP, MC Daniel, DJ WN & DJ GM",Samba de Malandro
"WEEK OF MAY 18, 2024",20,Murilo Huff,Anestesiado
"WEEK OF MAY 18, 2024",21,"Ana Castela, Hungria & Alok",Lua
"WEEK OF MAY 18, 2024",22,MC Saci Featuring mc pretchako,Aquariano Nato
"WEEK OF MAY 18, 2024",23,WIU & Teto,Problemas de Um Milionario
"WEEK OF MAY 18, 2024",24,Lauana Prado,Me Leva Pra Casa/Escrito Nas Estrelas/Saudade (Ao Vivo)
"WEEK OF MAY 18, 2024",25,"DENNIS, Ana Castela & MC GW",Ram Tchum
"WEEK OF MAY 11, 2024",1,Gustavo Moura & Rafael,Digitando
"WEEK OF MAY 11, 2024",2,Felipe & Rodrigo,Gosta de Rua
"WEEK OF MAY 11, 2024",3,"DJ JZ, Humberto & Ronaldo, mc mininin & Silvanno Salles",MTG Quero Te Encontrar
"WEEK OF MAY 11, 2024",4,Jorge & Mateus & Lauana Prado,Havera Sinais
"WEEK OF MAY 11, 2024",5,Luan Pereira & MC Daniel,Entra Na Defender
"WEEK OF MAY 11, 2024",6,Ze Neto & Cristiano,Deu Moral
"WEEK OF MAY 11, 2024",7,Simone Mendes,Dois Tristes
"WEEK OF MAY 11, 2024",8,Thullio Milionario,Casca De Bala
"WEEK OF MAY 11, 2024",9,"MC Dudu, DJ Ws da Igrejinha, DJ JOAO PEREIRA, Sk, MC TH DA SERRA & DaLama",Nao Vou Namorar
"WEEK OF MAY 11, 2024",10,Ze Neto & Cristiano,Barulho Do Foguete
"WEEK OF MAY 11, 2024",11,Hugo & Guilherme,Morena De Goiania
"WEEK OF MAY 11, 2024",12,"DENNIS, Ana Castela & MC GW",Ram Tchum
"WEEK OF MAY 11, 2024",13,"Veigh, Nagalli & KayBlack",Confissoes Pt2
"WEEK OF MAY 11, 2024",14,Za Vaqueiro,Maravilhosa
"WEEK OF MAY 11, 2024",15,Hugo & Guilherme,Vazou Na Braquiara
"WEEK OF MAY 11, 2024",16,MC Saci Featuring mc pretchako,Aquariano Nato
"WEEK OF MAY 11, 2024",17,"Ana Castela, Hungria & Alok",Lua
"WEEK OF MAY 11, 2024",18,Lauana Prado,Me Leva Pra Casa/Escrito Nas Estrelas/Saudade (Ao Vivo)
"WEEK OF MAY 11, 2024",19,Bruhh Sua Bonequinha & Dom Silver,Chorei Quando Me Disse Tchau
"WEEK OF MAY 11, 2024",20,WIU & Teto,Problemas de Um Milionario
"WEEK OF MAY 11, 2024",21,"MC IG, MC Luki, MC GP, MC Ryan SP, MC PH, MC Poze do Rodo, TrapLaudo, Oruam, MC GH Do 7 & MC Nego Micha",Diz Ai Qual E O Plano?
"WEEK OF MAY 11, 2024",22,Manu Bahtidao & Simone Mendes,Daqui Pra Sempre
"WEEK OF MAY 11, 2024",23,"MC Paulin da Capital, MC Piedro, MC Ryan SP, MC Daniel, DJ WN & DJ GM",Samba de Malandro
"WEEK OF MAY 11, 2024",24,Tz da Coronel Featuring Ryu The Runner,Qual E O Seu Desejo?
"WEEK OF MAY 11, 2024",25,Murilo Huff,Anestesiado
"WEEK OF MAY 4, 2024",1,Felipe & Rodrigo,Gosta de Rua
"WEEK OF MAY 4, 2024",2,"DJ JZ, Humberto & Ronaldo, mc mininin & Silvanno Salles",MTG Quero Te Encontrar
"WEEK OF MAY 4, 2024",3,Jorge & Mateus & Lauana Prado,Havera Sinais
"WEEK OF MAY 4, 2024",4,Luan Pereira & MC Daniel,Entra Na Defender
"WEEK OF MAY 4, 2024",5,Simone Mendes,Dois Tristes
"WEEK OF MAY 4, 2024",6,Ze Neto & Cristiano,Barulho Do Foguete
"WEEK OF MAY 4, 2024",7,Gustavo Moura & Rafael,Digitando
"WEEK OF MAY 4, 2024",8,Hugo & Guilherme,Morena De Goiania
"WEEK OF MAY 4, 2024",9,"MC IG, MC Luki, MC GP, MC Ryan SP, MC PH, MC Poze do Rodo, TrapLaudo, Oruam, MC GH Do 7 & MC Nego Micha",Diz Ai Qual E O Plano?
"WEEK OF MAY 4, 2024",10,MC Saci Featuring mc pretchako,Aquariano Nato
"WEEK OF MAY 4, 2024",11,"DENNIS, Ana Castela & MC GW",Ram Tchum
"WEEK OF MAY 4, 2024",12,Taylor Swift Featuring Post Malone,Fortnight
"WEEK OF MAY 4, 2024",13,"MC Dudu, DJ Ws da Igrejinha, DJ JOAO PEREIRA, Sk, MC TH DA SERRA & DaLama",Nao Vou Namorar
"WEEK OF MAY 4, 2024",14,Ze Neto & Cristiano,Deu Moral
"WEEK OF MAY 4, 2024",15,Tz da Coronel Featuring Ryu The Runner,Qual E O Seu Desejo?
"WEEK OF MAY 4, 2024",16,"Ana Castela, Hungria & Alok",Lua
"WEEK OF MAY 4, 2024",17,Lauana Prado,Me Leva Pra Casa/Escrito Nas Estrelas/Saudade (Ao Vivo)
"WEEK OF MAY 4, 2024",18,Thullio Milionario,Casca De Bala
"WEEK OF MAY 4, 2024",19,Murilo Huff,Anestesiado
"WEEK OF MAY 4, 2024",20,Manu Bahtidao & Simone Mendes,Daqui Pra Sempre
"WEEK OF MAY 4, 2024",21,Hugo & Guilherme,Vazou Na Braquiara
"WEEK OF MAY 4, 2024",22,"MC PH, Borges, WIU, Pedro Lotto & WEY",Tenho Que Me Decidir
"WEEK OF MAY 4, 2024",23,"MC Saci, mc pretchako, DJ LC & DJ JOAO DA INESTAN",A Internet E Toxica
"WEEK OF MAY 4, 2024",24,"Tropa Do Bruxo, SMU, DJ Vitin Do PC, MC JF & MC Nahara",Tum Ba Tum
"WEEK OF MAY 4, 2024",25,"MC Paulin da Capital, MC Piedro, MC Ryan SP, MC Daniel, DJ WN & DJ GM",Samba de Malandro
"WEEK OF APRIL 27, 2024",1,"DJ JZ, Humberto & Ronaldo, mc mininin & Silvanno Salles",MTG Quero Te Encontrar
"WEEK OF APRIL 27, 2024",2,Felipe & Rodrigo,Gosta de Rua
"WEEK OF APRIL 27, 2024",3,Jorge & Mateus & Lauana Prado,Havera Sinais
"WEEK OF APRIL 27, 2024",4,Luan Pereira & MC Daniel,Entra Na Defender
"WEEK OF APRIL 27, 2024",5,MC Saci Featuring mc pretchako,Aquariano Nato
"WEEK OF APRIL 27, 2024",6,Ze Neto & Cristiano,Barulho Do Foguete
"WEEK OF APRIL 27, 2024",7,"MC IG, MC Luki, MC GP, MC Ryan SP, MC PH, MC Poze do Rodo, TrapLaudo, Oruam, MC GH Do 7 & MC Nego Micha",Diz Ai Qual E O Plano?
"WEEK OF APRIL 27, 2024",8,"DENNIS, Ana Castela & MC GW",Ram Tchum
"WEEK OF APRIL 27, 2024",9,Hugo & Guilherme,Morena De Goiania
"WEEK OF APRIL 27, 2024",10,Simone Mendes,Dois Tristes
"WEEK OF APRIL 27, 2024",11,Tz da Coronel Featuring Ryu The Runner,Qual E O Seu Desejo?
"WEEK OF APRIL 27, 2024",12,"MC Saci, mc pretchako, DJ LC & DJ JOAO DA INESTAN",A Internet E Toxica
"WEEK OF APRIL 27, 2024",13,"MC Saci, MC Fahah, DJ Sammer & DJ LC",De 10 Mulher 11 E Maluca
"WEEK OF APRIL 27, 2024",14,Lauana Prado,Me Leva Pra Casa/Escrito Nas Estrelas/Saudade (Ao Vivo)
"WEEK OF APRIL 27, 2024",15,Hugo & Guilherme,Vazou Na Braquiara
"WEEK OF APRIL 27, 2024",16,"MC PH, Borges, WIU, Pedro Lotto & WEY",Tenho Que Me Decidir
"WEEK OF APRIL 27, 2024",17,Murilo Huff,Anestesiado
"WEEK OF APRIL 27, 2024",18,"Ana Castela, Hungria & Alok",Lua
"WEEK OF APRIL 27, 2024",19,"MC IG, MC Ryan SP & MC PH Featuring DJ Glenner","E Isso Bebe, Ta Certa!"
"WEEK OF APRIL 27, 2024",20,Manu Bahtidao & Simone Mendes,Daqui Pra Sempre
"WEEK OF APRIL 27, 2024",21,Matheus & Kauan,Nao Recomendo
"WEEK OF APRIL 27, 2024",22,"MC Dudu, DJ Ws da Igrejinha, DJ JOAO PEREIRA, Sk, MC TH DA SERRA & DaLama",Nao Vou Namorar
"WEEK OF APRIL 27, 2024",23,"Tropa Do Bruxo, SMU, DJ Vitin Do PC, MC JF & MC Nahara",Tum Ba Tum
"WEEK OF APRIL 27, 2024",24,"Rj, DJ MK de Nitteroi, TR E MC Menor RV",Baby Eu Tava Na Rua Da Agua
"WEEK OF APRIL 27, 2024",25,"ArgoPlay, Ana Castela & LUDMILLA",Dia de Fluxo
"WEEK OF APRIL 20, 2024",1,"DJ JZ, Humberto & Ronaldo, mc mininin & Silvanno Salles",MTG Quero Te Encontrar
"WEEK OF APRIL 20, 2024",2,Jorge & Mateus & Lauana Prado,Havera Sinais
"WEEK OF APRIL 20, 2024",3,MC Saci Featuring mc pretchako,Aquariano Nato
"WEEK OF APRIL 20, 2024",4,"MC IG, MC Luki, MC GP, MC Ryan SP, MC PH, MC Poze do Rodo, TrapLaudo, Oruam, MC GH Do 7 & MC Nego Micha",Diz Ai Qual E O Plano?
"WEEK OF APRIL 20, 2024",5,Luan Pereira & MC Daniel,Entra Na Defender
"WEEK OF APRIL 20, 2024",6,Nattan,Amor Na Praia
"WEEK OF APRIL 20, 2024",7,"DENNIS, Ana Castela & MC GW",Ram Tchum
"WEEK OF APRIL 20, 2024",8,Ze Neto & Cristiano,Barulho Do Foguete
"WEEK OF APRIL 20, 2024",9,Tz da Coronel Featuring Ryu The Runner,Qual E O Seu Desejo?
"WEEK OF APRIL 20, 2024",10,"MC Saci, MC Fahah, DJ Sammer & DJ LC",De 10 Mulher 11 E Maluca
"WEEK OF APRIL 20, 2024",11,"MC IG, MC Ryan SP & MC PH Featuring DJ Glenner","E Isso Bebe, Ta Certa!"
"WEEK OF APRIL 20, 2024",12,"MC PH, Borges, WIU, Pedro Lotto & WEY",Tenho Que Me Decidir
"WEEK OF APRIL 20, 2024",13,Hugo & Guilherme,Vazou Na Braquiara
"WEEK OF APRIL 20, 2024",14,Simone Mendes,Dois Tristes
"WEEK OF APRIL 20, 2024",15,"MC Saci, mc pretchako, DJ LC & DJ JOAO DA INESTAN",A Internet E Toxica
"WEEK OF APRIL 20, 2024",16,"Ana Castela, Hungria & Alok",Lua
"WEEK OF APRIL 20, 2024",17,Matheus & Kauan,Nao Recomendo
"WEEK OF APRIL 20, 2024",18,Lauana Prado,Me Leva Pra Casa/Escrito Nas Estrelas/Saudade (Ao Vivo)
"WEEK OF APRIL 20, 2024",19,Murilo Huff,Anestesiado
"WEEK OF APRIL 20, 2024",20,"Rj, DJ MK de Nitteroi, TR E MC Menor RV",Baby Eu Tava Na Rua Da Agua
"WEEK OF APRIL 20, 2024",21,Manu Bahtidao & Simone Mendes,Daqui Pra Sempre
"WEEK OF APRIL 20, 2024",22,"Tropa Do Bruxo, SMU, DJ Vitin Do PC, MC JF & MC Nahara",Tum Ba Tum
"WEEK OF APRIL 20, 2024",23,Hugo & Guilherme,Morena De Goiania
"WEEK OF APRIL 20, 2024",24,"Oruam, Didi & DJ LC da Roca Featuring MC K9, MC Smith & Mainstreet",Role Na Favela De Nave
"WEEK OF APRIL 20, 2024",25,Luan Santana EM Collab Com MC Kevin O Chris,Pega Escandaloso
"WEEK OF APRIL 13, 2024",1,Jorge & Mateus & Lauana Prado,Havera Sinais
"WEEK OF APRIL 13, 2024",2,"MC IG, MC Luki, MC GP, MC Ryan SP, MC PH, MC Poze do Rodo, TrapLaudo, Oruam, MC GH Do 7 & MC Nego Micha",Diz Ai Qual E O Plano?
"WEEK OF APRIL 13, 2024",3,Ze Neto & Cristiano,Barulho Do Foguete
"WEEK OF APRIL 13, 2024",4,"DENNIS, Ana Castela & MC GW",Ram Tchum
"WEEK OF APRIL 13, 2024",5,Tz da Coronel Featuring Ryu The Runner,Qual E O Seu Desejo?
"WEEK OF APRIL 13, 2024",6,Lauana Prado,Me Leva Pra Casa/Escrito Nas Estrelas/Saudade (Ao Vivo)
"WEEK OF APRIL 13, 2024",7,"MC IG, MC Ryan SP & MC PH Featuring DJ Glenner","E Isso Bebe, Ta Certa!"
"WEEK OF APRIL 13, 2024",8,MC Saci Featuring mc pretchako,Aquariano Nato
"WEEK OF APRIL 13, 2024",9,Simone Mendes,Dois Tristes
"WEEK OF APRIL 13, 2024",10,"MC Saci, MC Fahah, DJ Sammer & DJ LC",De 10 Mulher 11 E Maluca
"WEEK OF APRIL 13, 2024",11,"MC PH, Borges, WIU, Pedro Lotto & WEY",Tenho Que Me Decidir
"WEEK OF APRIL 13, 2024",12,Luan Pereira & MC Daniel,Entra Na Defender
"WEEK OF APRIL 13, 2024",13,"Ana Castela, Hungria & Alok",Lua
"WEEK OF APRIL 13, 2024",14,Murilo Huff,Anestesiado
"WEEK OF APRIL 13, 2024",15,"Rj, DJ MK de Nitteroi, TR E MC Menor RV",Baby Eu Tava Na Rua Da Agua
"WEEK OF APRIL 13, 2024",16,"DJ JZ, Humberto & Ronaldo, mc mininin & Silvanno Salles",MTG Quero Te Encontrar
"WEEK OF APRIL 13, 2024",17,"Tropa Do Bruxo, SMU, DJ Vitin Do PC, MC JF & MC Nahara",Tum Ba Tum
"WEEK OF APRIL 13, 2024",18,Hugo & Guilherme,Vazou Na Braquiara
"WEEK OF APRIL 13, 2024",19,"MC Saci, mc pretchako, DJ LC & DJ JOAO DA INESTAN",A Internet E Toxica
"WEEK OF APRIL 13, 2024",20,"Oruam, Didi & DJ LC da Roca Featuring MC K9, MC Smith & Mainstreet",Role Na Favela De Nave
"WEEK OF APRIL 13, 2024",21,Nattan,Amor Na Praia
"WEEK OF APRIL 13, 2024",22,Manu Bahtidao & Simone Mendes,Daqui Pra Sempre
"WEEK OF APRIL 13, 2024",23,Matheus & Kauan,Nao Recomendo
"WEEK OF APRIL 13, 2024",24,Dilsinho & Ana Castela,Passada de Mao
"WEEK OF APRIL 13, 2024",25,"ArgoPlay, Ana Castela & LUDMILLA",Dia de Fluxo
"WEEK OF APRIL 6, 2024",1,"MC IG, MC Luki, MC GP, MC Ryan SP, MC PH, MC Poze do Rodo, TrapLaudo, Oruam, MC GH Do 7 & MC Nego Micha",Diz Ai Qual E O Plano?
"WEEK OF APRIL 6, 2024",2,Jefferson Moraes,Pessima Hora (In Goiania)
"WEEK OF APRIL 6, 2024",3,Tz da Coronel Featuring Ryu The Runner,Qual E O Seu Desejo?
"WEEK OF APRIL 6, 2024",4,"DENNIS, Ana Castela & MC GW",Ram Tchum
"WEEK OF APRIL 6, 2024",5,Jorge & Mateus & Lauana Prado,Havera Sinais
"WEEK OF APRIL 6, 2024",6,Ze Neto & Cristiano,Barulho Do Foguete
"WEEK OF APRIL 6, 2024",7,Lauana Prado,Me Leva Pra Casa/Escrito Nas Estrelas/Saudade (Ao Vivo)
"WEEK OF APRIL 6, 2024",8,MC Saci Featuring mc pretchako,Aquariano Nato
"WEEK OF APRIL 6, 2024",9,Murilo Huff,Anestesiado
"WEEK OF APRIL 6, 2024",10,"MC PH, Borges, WIU, Pedro Lotto & WEY",Tenho Que Me Decidir
"WEEK OF APRIL 6, 2024",11,"Rj, DJ MK de Nitteroi, TR E MC Menor RV",Baby Eu Tava Na Rua Da Agua
"WEEK OF APRIL 6, 2024",12,"Ana Castela, Hungria & Alok",Lua
"WEEK OF APRIL 6, 2024",13,Simone Mendes,Dois Tristes
"WEEK OF APRIL 6, 2024",14,"MC Saci, MC Fahah, DJ Sammer & DJ LC",De 10 Mulher 11 E Maluca
"WEEK OF APRIL 6, 2024",15,Hugo & Guilherme,Vazou Na Braquiara
"WEEK OF APRIL 6, 2024",16,Pedro Sampaio,Poc Poc
"WEEK OF APRIL 6, 2024",17,"Tropa Do Bruxo, SMU, DJ Vitin Do PC, MC JF & MC Nahara",Tum Ba Tum
"WEEK OF APRIL 6, 2024",18,"MC IG, MC Ryan SP & MC PH Featuring DJ Glenner","E Isso Bebe, Ta Certa!"
"WEEK OF APRIL 6, 2024",19,Dilsinho & Ana Castela,Passada de Mao
"WEEK OF APRIL 6, 2024",20,Matheus & Kauan,Nao Recomendo
"WEEK OF APRIL 6, 2024",21,"MC Saci, mc pretchako, DJ LC & DJ JOAO DA INESTAN",A Internet E Toxica
"WEEK OF APRIL 6, 2024",22,"ArgoPlay, Ana Castela & LUDMILLA",Dia de Fluxo
"WEEK OF APRIL 6, 2024",23,Gusttavo Lima & Ana Castela,Canudinho
"WEEK OF APRIL 6, 2024",24,"MC IG, MC Kevin, DJ WN Featuring MC PH","Deus, Por Favor"
"WEEK OF APRIL 6, 2024",25,"Oruam, Didi & DJ LC da Roca Featuring MC K9, MC Smith & Mainstreet",Role Na Favela De Nave
"WEEK OF MARCH 30, 2024",1,Tz da Coronel Featuring Ryu The Runner,Qual E O Seu Desejo?
"WEEK OF MARCH 30, 2024",2,"MC IG, MC Luki, MC GP, MC Ryan SP, MC PH, MC Poze do Rodo, TrapLaudo, Oruam, MC GH Do 7 & MC Nego Micha",Diz Ai Qual E O Plano?
"WEEK OF MARCH 30, 2024",3,"DENNIS, Ana Castela & MC GW",Ram Tchum
"WEEK OF MARCH 30, 2024",4,Ze Neto & Cristiano,Barulho Do Foguete
"WEEK OF MARCH 30, 2024",5,Lauana Prado,Me Leva Pra Casa/Escrito Nas Estrelas/Saudade (Ao Vivo)
"WEEK OF MARCH 30, 2024",6,"MC PH, Borges, WIU, Pedro Lotto & WEY",Tenho Que Me Decidir
"WEEK OF MARCH 30, 2024",7,Jorge & Mateus & Lauana Prado,Havera Sinais
"WEEK OF MARCH 30, 2024",8,Murilo Huff,Anestesiado
"WEEK OF MARCH 30, 2024",9,"Rj, DJ MK de Nitteroi, TR E MC Menor RV",Baby Eu Tava Na Rua Da Agua
"WEEK OF MARCH 30, 2024",10,MC Saci Featuring mc pretchako,Aquariano Nato
"WEEK OF MARCH 30, 2024",11,"ArgoPlay, Ana Castela & LUDMILLA",Dia de Fluxo
"WEEK OF MARCH 30, 2024",12,"Ana Castela, Hungria & Alok",Lua
"WEEK OF MARCH 30, 2024",13,Pedro Sampaio,Poc Poc
"WEEK OF MARCH 30, 2024",14,Hugo & Guilherme,Vazou Na Braquiara
"WEEK OF MARCH 30, 2024",15,Dilsinho & Ana Castela,Passada de Mao
"WEEK OF MARCH 30, 2024",16,"Tropa Do Bruxo, SMU, DJ Vitin Do PC, MC JF & MC Nahara",Tum Ba Tum
"WEEK OF MARCH 30, 2024",17,Jefferson Moraes,Pessima Hora (In Goiania)
"WEEK OF MARCH 30, 2024",18,"Oruam, Didi & DJ LC da Roca Featuring MC K9, MC Smith & Mainstreet",Role Na Favela De Nave
"WEEK OF MARCH 30, 2024",19,Manu Bahtidao & Simone Mendes,Daqui Pra Sempre
"WEEK OF MARCH 30, 2024",20,Gusttavo Lima & Ana Castela,Canudinho
"WEEK OF MARCH 30, 2024",21,"DJ GBR, MC IG, MC Ryan SP, MC PH, MC Davi, MC Luki, MC Don Juan, MC Kadu, Traplaudo, MC GP & MC GH Do7",Let's Go 4
"WEEK OF MARCH 30, 2024",22,Simone Mendes,Dois Tristes
"WEEK OF MARCH 30, 2024",23,Murilo Huff,A Cerveja Abre Sozinha
"WEEK OF MARCH 30, 2024",24,Matheus & Kauan,Nao Recomendo
"WEEK OF MARCH 30, 2024",25,"MC Saci, mc pretchako, DJ LC & DJ JOAO DA INESTAN",A Internet E Toxica
"WEEK OF MARCH 23, 2024",1,Tz da Coronel Featuring Ryu The Runner,Qual E O Seu Desejo?
"WEEK OF MARCH 23, 2024",2,Lauana Prado,Me Leva Pra Casa/Escrito Nas Estrelas/Saudade (Ao Vivo)
"WEEK OF MARCH 23, 2024",3,Ze Neto & Cristiano,Barulho Do Foguete
"WEEK OF MARCH 23, 2024",4,"MC PH, Borges, WIU, Pedro Lotto & WEY",Tenho Que Me Decidir
"WEEK OF MARCH 23, 2024",5,"Ana Castela, Hungria & Alok",Lua
"WEEK OF MARCH 23, 2024",6,"Rj, DJ MK de Nitteroi, TR E MC Menor RV",Baby Eu Tava Na Rua Da Agua
"WEEK OF MARCH 23, 2024",7,"MC IG, MC Luki, MC GP, MC Ryan SP, MC PH, MC Poze do Rodo, TrapLaudo, Oruam, MC GH Do 7 & MC Nego Micha",Diz Ai Qual E O Plano?
"WEEK OF MARCH 23, 2024",8,Murilo Huff,Anestesiado
"WEEK OF MARCH 23, 2024",9,Jorge & Mateus & Lauana Prado,Havera Sinais
"WEEK OF MARCH 23, 2024",10,"ArgoPlay, Ana Castela & LUDMILLA",Dia de Fluxo
"WEEK OF MARCH 23, 2024",11,Pedro Sampaio,Poc Poc
"WEEK OF MARCH 23, 2024",12,"DJ GBR, MC IG, MC Ryan SP, MC PH, MC Davi, MC Luki, MC Don Juan, MC Kadu, Traplaudo, MC GP & MC GH Do7",Let's Go 4
"WEEK OF MARCH 23, 2024",13,Dilsinho & Ana Castela,Passada de Mao
"WEEK OF MARCH 23, 2024",14,Hugo & Guilherme,Vazou Na Braquiara
"WEEK OF MARCH 23, 2024",15,"Oruam, Didi & DJ LC da Roca Featuring MC K9, MC Smith & Mainstreet",Role Na Favela De Nave
"WEEK OF MARCH 23, 2024",16,Ariana Grande,We Can't Be Friends (Wait For Your Love)
"WEEK OF MARCH 23, 2024",17,Manu Bahtidao & Simone Mendes,Daqui Pra Sempre
"WEEK OF MARCH 23, 2024",18,"DENNIS, Ana Castela & MC GW",Ram Tchum
"WEEK OF MARCH 23, 2024",19,Gusttavo Lima & Ana Castela,Canudinho
"WEEK OF MARCH 23, 2024",20,Jefferson Moraes,Pessima Hora (In Goiania)
"WEEK OF MARCH 23, 2024",21,MC Saci Featuring mc pretchako,Aquariano Nato
"WEEK OF MARCH 23, 2024",22,Matheus & Kauan,Nao Recomendo
"WEEK OF MARCH 23, 2024",23,Parangole & Leo Santana,Perna Bamba
"WEEK OF MARCH 23, 2024",24,Murilo Huff,A Cerveja Abre Sozinha
"WEEK OF MARCH 23, 2024",25,Grupo Menos E Mais & Matheus Fernandes,Lapada Dela
"WEEK OF MARCH 16, 2024",1,Lauana Prado,Me Leva Pra Casa/Escrito Nas Estrelas/Saudade (Ao Vivo)
"WEEK OF MARCH 16, 2024",2,"Rj, DJ MK de Nitteroi, TR E MC Menor RV",Baby Eu Tava Na Rua Da Agua
"WEEK OF MARCH 16, 2024",3,Tz da Coronel Featuring Ryu The Runner,Qual E O Seu Desejo?
"WEEK OF MARCH 16, 2024",4,"MC PH, Borges, WIU, Pedro Lotto & WEY",Tenho Que Me Decidir
"WEEK OF MARCH 16, 2024",5,"Ana Castela, Hungria & Alok",Lua
"WEEK OF MARCH 16, 2024",6,Ze Neto & Cristiano,Barulho Do Foguete
"WEEK OF MARCH 16, 2024",7,Pedro Sampaio,Poc Poc
"WEEK OF MARCH 16, 2024",8,"ArgoPlay, Ana Castela & LUDMILLA",Dia de Fluxo
"WEEK OF MARCH 16, 2024",9,"DJ GBR, MC IG, MC Ryan SP, MC PH, MC Davi, MC Luki, MC Don Juan, MC Kadu, Traplaudo, MC GP & MC GH Do7",Let's Go 4
"WEEK OF MARCH 16, 2024",10,Gusttavo Lima & Ana Castela,Canudinho
"WEEK OF MARCH 16, 2024",11,Dilsinho & Ana Castela,Passada de Mao
"WEEK OF MARCH 16, 2024",12,Parangole & Leo Santana,Perna Bamba
"WEEK OF MARCH 16, 2024",13,Manu Bahtidao & Simone Mendes,Daqui Pra Sempre
"WEEK OF MARCH 16, 2024",14,"Oruam, Didi & DJ LC da Roca Featuring MC K9, MC Smith & Mainstreet",Role Na Favela De Nave
"WEEK OF MARCH 16, 2024",15,Murilo Huff,Anestesiado
"WEEK OF MARCH 16, 2024",16,Hugo & Guilherme,Vazou Na Braquiara
"WEEK OF MARCH 16, 2024",17,Grupo Menos E Mais & Matheus Fernandes,Lapada Dela
"WEEK OF MARCH 16, 2024",18,LUDMILLA,Maliciosa
"WEEK OF MARCH 16, 2024",19,"DJ WN, MC Hariel, MC Ryan SP, MC Paulin da Capital, MC Lipi, MC Vinny, Gabb MC, MC Kadu, MC Daniel, MC Gh do 7 & Nog",Ritmista 1.0
"WEEK OF MARCH 16, 2024",20,Ivete Sangalo & LUDMILLA,Macetando
"WEEK OF MARCH 16, 2024",21,Matheus & Kauan,Nao Recomendo
"WEEK OF MARCH 16, 2024",22,Murilo Huff,A Cerveja Abre Sozinha
"WEEK OF MARCH 16, 2024",23,Jorge & Mateus & Lauana Prado,Havera Sinais
"WEEK OF MARCH 16, 2024",24,"Borges, Veigh & MC Cabelinho",Loucura
"WEEK OF MARCH 16, 2024",25,Isadora Pompeo,Bencaos Que Nao Tem Fim (Counting My Blessings)
"WEEK OF MARCH 9, 2024",1,"Rj, DJ MK de Nitteroi, TR E MC Menor RV",Baby Eu Tava Na Rua Da Agua
"WEEK OF MARCH 9, 2024",2,"MC PH, Borges, WIU, Pedro Lotto & WEY",Tenho Que Me Decidir
"WEEK OF MARCH 9, 2024",3,Lauana Prado,Me Leva Pra Casa/Escrito Nas Estrelas/Saudade (Ao Vivo)
"WEEK OF MARCH 9, 2024",4,Pedro Sampaio,Poc Poc
"WEEK OF MARCH 9, 2024",5,Ze Neto & Cristiano,Barulho Do Foguete
"WEEK OF MARCH 9, 2024",6,"DJ GBR, MC IG, MC Ryan SP, MC PH, MC Davi, MC Luki, MC Don Juan, MC Kadu, Traplaudo, MC GP & MC GH Do7",Let's Go 4
"WEEK OF MARCH 9, 2024",7,Parangole & Leo Santana,Perna Bamba
"WEEK OF MARCH 9, 2024",8,Gusttavo Lima & Ana Castela,Canudinho
"WEEK OF MARCH 9, 2024",9,"Ana Castela, Hungria & Alok",Lua
"WEEK OF MARCH 9, 2024",10,"ArgoPlay, Ana Castela & LUDMILLA",Dia de Fluxo
"WEEK OF MARCH 9, 2024",11,Dilsinho & Ana Castela,Passada de Mao
"WEEK OF MARCH 9, 2024",12,Murilo Huff,Anestesiado
"WEEK OF MARCH 9, 2024",13,Ivete Sangalo & LUDMILLA,Macetando
"WEEK OF MARCH 9, 2024",14,Manu Bahtidao & Simone Mendes,Daqui Pra Sempre
"WEEK OF MARCH 9, 2024",15,LUDMILLA,Maliciosa
"WEEK OF MARCH 9, 2024",16,Grupo Menos E Mais & Matheus Fernandes,Lapada Dela
"WEEK OF MARCH 9, 2024",17,Luan & Ana Castela,Deja Vu
"WEEK OF MARCH 9, 2024",18,Hugo & Guilherme,Vazou Na Braquiara
"WEEK OF MARCH 9, 2024",19,Matheus & Kauan,Nao Recomendo
"WEEK OF MARCH 9, 2024",20,Gusttavo Lima & Matheus & Kauan,Mala Dos Porta Mala
"WEEK OF MARCH 9, 2024",21,"DJ WN, MC Hariel, MC Ryan SP, MC Paulin da Capital, MC Lipi, MC Vinny, Gabb MC, MC Kadu, MC Daniel, MC Gh do 7 & Nog",Ritmista 1.0
"WEEK OF MARCH 9, 2024",22,Isadora Pompeo,Bencaos Que Nao Tem Fim (Counting My Blessings)
"WEEK OF MARCH 9, 2024",23,"Borges, Veigh & MC Cabelinho",Loucura
"WEEK OF MARCH 9, 2024",24,Ana Castela & Gustavo Mioto,Fronteira
"WEEK OF MARCH 9, 2024",25,"Oruam, Didi & DJ LC da Roca Featuring MC K9, MC Smith & Mainstreet",Role Na Favela De Nave
"WEEK OF MARCH 2, 2024",1,Parangole & Leo Santana,Perna Bamba
"WEEK OF MARCH 2, 2024",2,"MC PH, Borges, WIU, Pedro Lotto & WEY",Tenho Que Me Decidir
"WEEK OF MARCH 2, 2024",3,Lauana Prado,Me Leva Pra Casa/Escrito Nas Estrelas/Saudade (Ao Vivo)
"WEEK OF MARCH 2, 2024",4,Pedro Sampaio,Poc Poc
"WEEK OF MARCH 2, 2024",5,"Rj, DJ MK de Nitteroi, TR E MC Menor RV",Baby Eu Tava Na Rua Da Agua
"WEEK OF MARCH 2, 2024",6,Ivete Sangalo & LUDMILLA,Macetando
"WEEK OF MARCH 2, 2024",7,"DJ GBR, MC IG, MC Ryan SP, MC PH, MC Davi, MC Luki, MC Don Juan, MC Kadu, Traplaudo, MC GP & MC GH Do7",Let's Go 4
"WEEK OF MARCH 2, 2024",8,"ArgoPlay, Ana Castela & LUDMILLA",Dia de Fluxo
"WEEK OF MARCH 2, 2024",9,Ze Neto & Cristiano,Barulho Do Foguete
"WEEK OF MARCH 2, 2024",10,Gusttavo Lima & Ana Castela,Canudinho
"WEEK OF MARCH 2, 2024",11,Manu Bahtidao & Simone Mendes,Daqui Pra Sempre
"WEEK OF MARCH 2, 2024",12,Matheus & Kauan,Nao Recomendo
"WEEK OF MARCH 2, 2024",13,Hugo & Guilherme,Vazou Na Braquiara
"WEEK OF MARCH 2, 2024",14,Luan & Ana Castela,Deja Vu
"WEEK OF MARCH 2, 2024",15,Grupo Menos E Mais & Matheus Fernandes,Lapada Dela
"WEEK OF MARCH 2, 2024",16,"Borges, Veigh & MC Cabelinho",Loucura
"WEEK OF MARCH 2, 2024",17,Dilsinho & Ana Castela,Passada de Mao
"WEEK OF MARCH 2, 2024",18,Gusttavo Lima + Mari Fernandez,30 Cadeados (Ao Vivo)
"WEEK OF MARCH 2, 2024",19,Murilo Huff,Anestesiado
"WEEK OF MARCH 2, 2024",20,Isadora Pompeo,Bencaos Que Nao Tem Fim (Counting My Blessings)
"WEEK OF MARCH 2, 2024",21,"DJ WN, MC Hariel, MC Ryan SP, MC Paulin da Capital, MC Lipi, MC Vinny, Gabb MC, MC Kadu, MC Daniel, MC Gh do 7 & Nog",Ritmista 1.0
"WEEK OF MARCH 2, 2024",22,Ana Castela & Gustavo Mioto,Fronteira
"WEEK OF MARCH 2, 2024",23,"Ana Castela, Hungria & Alok",Lua
"WEEK OF MARCH 2, 2024",24,LUDMILLA,Maliciosa
"WEEK OF MARCH 2, 2024",25,Simone Mendes,Erro Gostoso
"WEEK OF FEBRUARY 24, 2024",1,Ivete Sangalo & LUDMILLA,Macetando
"WEEK OF FEBRUARY 24, 2024",2,Parangole & Leo Santana,Perna Bamba
"WEEK OF FEBRUARY 24, 2024",3,Pedro Sampaio,Poc Poc
"WEEK OF FEBRUARY 24, 2024",4,Lauana Prado,Me Leva Pra Casa/Escrito Nas Estrelas/Saudade (Ao Vivo)
"WEEK OF FEBRUARY 24, 2024",5,"ArgoPlay, Ana Castela & LUDMILLA",Dia de Fluxo
"WEEK OF FEBRUARY 24, 2024",6,"Rj, DJ MK de Nitteroi, TR E MC Menor RV",Baby Eu Tava Na Rua Da Agua
"WEEK OF FEBRUARY 24, 2024",7,Ze Neto & Cristiano,Barulho Do Foguete
"WEEK OF FEBRUARY 24, 2024",8,"DJ GBR, MC IG, MC Ryan SP, MC PH, MC Davi, MC Luki, MC Don Juan, MC Kadu, Traplaudo, MC GP & MC GH Do7",Let's Go 4
"WEEK OF FEBRUARY 24, 2024",9,Manu Bahtidao & Simone Mendes,Daqui Pra Sempre
"WEEK OF FEBRUARY 24, 2024",10,"MC PH, Borges, WIU, Pedro Lotto & WEY",Tenho Que Me Decidir
"WEEK OF FEBRUARY 24, 2024",11,Gusttavo Lima & Ana Castela,Canudinho
"WEEK OF FEBRUARY 24, 2024",12,Grupo Menos E Mais & Matheus Fernandes,Lapada Dela
"WEEK OF FEBRUARY 24, 2024",13,Hugo & Guilherme,Vazou Na Braquiara
"WEEK OF FEBRUARY 24, 2024",14,Leo Santana & Ze Felipe,Cama Repetida
"WEEK OF FEBRUARY 24, 2024",15,Luan & Ana Castela,Deja Vu
"WEEK OF FEBRUARY 24, 2024",16,Henry Freitas & Andrezin Araujo,Tem Cafe
"WEEK OF FEBRUARY 24, 2024",17,"Anitta, PEDRO SAMPAIO & DENNIS",Joga Pra Lua (Feat. Dennis Dj)
"WEEK OF FEBRUARY 24, 2024",18,"MC Ws da Leste, MC Chothie E DJ Chadin Do C",Tipo Hollywood
"WEEK OF FEBRUARY 24, 2024",19,Ana Castela & Gustavo Mioto,Fronteira
"WEEK OF FEBRUARY 24, 2024",20,Matheus & Kauan,Nao Recomendo
"WEEK OF FEBRUARY 24, 2024",21,Gusttavo Lima + Mari Fernandez,30 Cadeados (Ao Vivo)
"WEEK OF FEBRUARY 24, 2024",22,Simone Mendes,Erro Gostoso
"WEEK OF FEBRUARY 24, 2024",23,Clayton & Romario,Morena (Ao Vivo Em Barsilia)
"WEEK OF FEBRUARY 24, 2024",24,"Borges, Veigh & MC Cabelinho",Loucura
"WEEK OF FEBRUARY 24, 2024",25,Murilo Huff,Anestesiado
"WEEK OF FEBRUARY 17, 2024",1,Lauana Prado,Me Leva Pra Casa/Escrito Nas Estrelas/Saudade (Ao Vivo)
"WEEK OF FEBRUARY 17, 2024",2,Pedro Sampaio,Poc Poc
"WEEK OF FEBRUARY 17, 2024",3,Luan & Ana Castela,Deja Vu
"WEEK OF FEBRUARY 17, 2024",4,"DJ GBR, MC IG, MC Ryan SP, MC PH, MC Davi, MC Luki, MC Don Juan, MC Kadu, Traplaudo, MC GP & MC GH Do7",Let's Go 4
"WEEK OF FEBRUARY 17, 2024",5,Ivete Sangalo & LUDMILLA,Macetando
"WEEK OF FEBRUARY 17, 2024",6,Ze Neto & Cristiano,Barulho Do Foguete
"WEEK OF FEBRUARY 17, 2024",7,Manu Bahtidao & Simone Mendes,Daqui Pra Sempre
"WEEK OF FEBRUARY 17, 2024",8,"ArgoPlay, Ana Castela & LUDMILLA",Dia de Fluxo
"WEEK OF FEBRUARY 17, 2024",9,"Rj, DJ MK de Nitteroi, TR E MC Menor RV",Baby Eu Tava Na Rua Da Agua
"WEEK OF FEBRUARY 17, 2024",10,Parangole & Leo Santana,Perna Bamba
"WEEK OF FEBRUARY 17, 2024",11,"MC PH, Borges, WIU, Pedro Lotto & WEY",Tenho Que Me Decidir
"WEEK OF FEBRUARY 17, 2024",12,Gusttavo Lima & Ana Castela,Canudinho
"WEEK OF FEBRUARY 17, 2024",13,Hugo & Guilherme,Vazou Na Braquiara
"WEEK OF FEBRUARY 17, 2024",14,"Borges, Veigh & MC Cabelinho",Loucura
"WEEK OF FEBRUARY 17, 2024",15,Grupo Menos E Mais & Matheus Fernandes,Lapada Dela
"WEEK OF FEBRUARY 17, 2024",16,Ana Castela & Gustavo Mioto,Fronteira
"WEEK OF FEBRUARY 17, 2024",17,Murilo Huff,Anestesiado
"WEEK OF FEBRUARY 17, 2024",18,Matheus & Kauan,Nao Recomendo
"WEEK OF FEBRUARY 17, 2024",19,Leo Santana & Ze Felipe,Cama Repetida
"WEEK OF FEBRUARY 17, 2024",20,Guilherme & Benuto & Simone Mendes,Manda Um Oi
"WEEK OF FEBRUARY 17, 2024",21,Chefin,10 Carros
"WEEK OF FEBRUARY 17, 2024",22,Ana Castela,Solteiro Forcado
"WEEK OF FEBRUARY 17, 2024",23,Simone Mendes,Erro Gostoso
"WEEK OF FEBRUARY 17, 2024",24,"MC Ws da Leste, MC Chothie E DJ Chadin Do C",Tipo Hollywood
"WEEK OF FEBRUARY 17, 2024",25,"Tropa do Bruxo, DJ Ws da Igrejinha, SMU, Triz & MC Menor Thalis",Baile do Bruxo
"WEEK OF FEBRUARY 10, 2024",1,Lauana Prado,Me Leva Pra Casa/Escrito Nas Estrelas/Saudade (Ao Vivo)
"WEEK OF FEBRUARY 10, 2024",2,Luan & Ana Castela,Deja Vu
"WEEK OF FEBRUARY 10, 2024",3,"DJ GBR, MC IG, MC Ryan SP, MC PH, MC Davi, MC Luki, MC Don Juan, MC Kadu, Traplaudo, MC GP & MC GH Do7",Let's Go 4
"WEEK OF FEBRUARY 10, 2024",4,Pedro Sampaio,Poc Poc
"WEEK OF FEBRUARY 10, 2024",5,Manu Bahtidao & Simone Mendes,Daqui Pra Sempre
"WEEK OF FEBRUARY 10, 2024",6,Ze Neto & Cristiano,Barulho Do Foguete
"WEEK OF FEBRUARY 10, 2024",7,"MC PH, Borges, WIU, Pedro Lotto & WEY",Tenho Que Me Decidir
"WEEK OF FEBRUARY 10, 2024",8,Gusttavo Lima & Ana Castela,Canudinho
"WEEK OF FEBRUARY 10, 2024",9,"ArgoPlay, Ana Castela & LUDMILLA",Dia de Fluxo
"WEEK OF FEBRUARY 10, 2024",10,Ivete Sangalo & LUDMILLA,Macetando
"WEEK OF FEBRUARY 10, 2024",11,Ana Castela & Gustavo Mioto,Fronteira
"WEEK OF FEBRUARY 10, 2024",12,Grupo Menos E Mais & Matheus Fernandes,Lapada Dela
"WEEK OF FEBRUARY 10, 2024",13,"Borges, Veigh & MC Cabelinho",Loucura
"WEEK OF FEBRUARY 10, 2024",14,Guilherme & Benuto & Simone Mendes,Manda Um Oi
"WEEK OF FEBRUARY 10, 2024",15,Chefin,10 Carros
"WEEK OF FEBRUARY 10, 2024",16,"Luan Pereira, MC Daniel & MC Ryan SP",Dentro da Hilux
"WEEK OF FEBRUARY 10, 2024",17,Murilo Huff,Anestesiado
"WEEK OF FEBRUARY 10, 2024",18,Simone Mendes,Erro Gostoso
"WEEK OF FEBRUARY 10, 2024",19,Ana Castela,Solteiro Forcado
"WEEK OF FEBRUARY 10, 2024",20,Isadora Pompeo,Bencaos Que Nao Tem Fim (Counting My Blessings)
"WEEK OF FEBRUARY 10, 2024",21,"Rj, DJ MK de Nitteroi, TR E MC Menor RV",Baby Eu Tava Na Rua Da Agua
"WEEK OF FEBRUARY 10, 2024",22,"Tropa do Bruxo, DJ Ws da Igrejinha, SMU, Triz & MC Menor Thalis",Baile do Bruxo
"WEEK OF FEBRUARY 10, 2024",23,Hugo & Guilherme,Vazou Na Braquiara
"WEEK OF FEBRUARY 10, 2024",24,Simone Mendes,Dois Fugitivos
"WEEK OF FEBRUARY 10, 2024",25,Matheus & Kauan,Nao Recomendo
"WEEK OF FEBRUARY 3, 2024",1,Lauana Prado,Me Leva Pra Casa/Escrito Nas Estrelas/Saudade (Ao Vivo)
"WEEK OF FEBRUARY 3, 2024",2,Luan & Ana Castela,Deja Vu
"WEEK OF FEBRUARY 3, 2024",3,Pedro Sampaio,Poc Poc
"WEEK OF FEBRUARY 3, 2024",4,Manu Bahtidao & Simone Mendes,Daqui Pra Sempre
"WEEK OF FEBRUARY 3, 2024",5,"DJ GBR, MC IG, MC Ryan SP, MC PH, MC Davi, MC Luki, MC Don Juan, MC Kadu, Traplaudo, MC GP & MC GH Do7",Let's Go 4
"WEEK OF FEBRUARY 3, 2024",6,Ze Neto & Cristiano,Barulho Do Foguete
"WEEK OF FEBRUARY 3, 2024",7,"MC PH, Borges, WIU, Pedro Lotto & WEY",Tenho Que Me Decidir
"WEEK OF FEBRUARY 3, 2024",8,Gusttavo Lima & Ana Castela,Canudinho
"WEEK OF FEBRUARY 3, 2024",9,Grupo Menos E Mais & Matheus Fernandes,Lapada Dela
"WEEK OF FEBRUARY 3, 2024",10,Guilherme & Benuto & Simone Mendes,Manda Um Oi
"WEEK OF FEBRUARY 3, 2024",11,Chefin,10 Carros
"WEEK OF FEBRUARY 3, 2024",12,Ana Castela & Gustavo Mioto,Fronteira
"WEEK OF FEBRUARY 3, 2024",13,Isadora Pompeo,Bencaos Que Nao Tem Fim (Counting My Blessings)
"WEEK OF FEBRUARY 3, 2024",14,Simone Mendes,Erro Gostoso
"WEEK OF FEBRUARY 3, 2024",15,"Borges, Veigh & MC Cabelinho",Loucura
"WEEK OF FEBRUARY 3, 2024",16,Ana Castela,Solteiro Forcado
"WEEK OF FEBRUARY 3, 2024",17,"Tropa do Bruxo, DJ Ws da Igrejinha, SMU, Triz & MC Menor Thalis",Baile do Bruxo
"WEEK OF FEBRUARY 3, 2024",18,"Luan Pereira, MC Daniel & MC Ryan SP",Dentro da Hilux
"WEEK OF FEBRUARY 3, 2024",19,"ArgoPlay, Ana Castela & LUDMILLA",Dia de Fluxo
"WEEK OF FEBRUARY 3, 2024",20,Simone Mendes,Dois Fugitivos
"WEEK OF FEBRUARY 3, 2024",21,Murilo Huff,Anestesiado
"WEEK OF FEBRUARY 3, 2024",22,Kevin O Chris & DJ Nk Da Serra,Faz Um Vuk Vuk (Teto Espelhado)
"WEEK OF FEBRUARY 3, 2024",23,Leo Santana & Ze Felipe,Cama Repetida
"WEEK OF FEBRUARY 3, 2024",24,Grego E Paulo Pires,Pane No Sistema
"WEEK OF FEBRUARY 3, 2024",25,Marilia Mendonca,Leao
"WEEK OF JANUARY 27, 2024",1,Luan & Ana Castela,Deja Vu
"WEEK OF JANUARY 27, 2024",2,Lauana Prado,Me Leva Pra Casa/Escrito Nas Estrelas/Saudade (Ao Vivo)
"WEEK OF JANUARY 27, 2024",3,"DJ GBR, MC IG, MC Ryan SP, MC PH, MC Davi, MC Luki, MC Don Juan, MC Kadu, Traplaudo, MC GP & MC GH Do7",Let's Go 4
"WEEK OF JANUARY 27, 2024",4,Manu Bahtidao & Simone Mendes,Daqui Pra Sempre
"WEEK OF JANUARY 27, 2024",5,Gusttavo Lima & Ana Castela,Canudinho
"WEEK OF JANUARY 27, 2024",6,Ze Neto & Cristiano,Barulho Do Foguete
"WEEK OF JANUARY 27, 2024",7,Pedro Sampaio,Poc Poc
"WEEK OF JANUARY 27, 2024",8,"MC PH, Borges, WIU, Pedro Lotto & WEY",Tenho Que Me Decidir
"WEEK OF JANUARY 27, 2024",9,Grupo Menos E Mais & Matheus Fernandes,Lapada Dela
"WEEK OF JANUARY 27, 2024",10,Guilherme & Benuto & Simone Mendes,Manda Um Oi
"WEEK OF JANUARY 27, 2024",11,Chefin,10 Carros
"WEEK OF JANUARY 27, 2024",12,Ana Castela & Gustavo Mioto,Fronteira
"WEEK OF JANUARY 27, 2024",13,Ariana Grande,"Yes, And?"
"WEEK OF JANUARY 27, 2024",14,Simone Mendes,Erro Gostoso
"WEEK OF JANUARY 27, 2024",15,"Tropa do Bruxo, DJ Ws da Igrejinha, SMU, Triz & MC Menor Thalis",Baile do Bruxo
"WEEK OF JANUARY 27, 2024",16,Ana Castela,Solteiro Forcado
"WEEK OF JANUARY 27, 2024",17,Isadora Pompeo,Bencaos Que Nao Tem Fim (Counting My Blessings)
"WEEK OF JANUARY 27, 2024",18,Simone Mendes,Dois Fugitivos
"WEEK OF JANUARY 27, 2024",19,"Borges, Veigh & MC Cabelinho",Loucura
"WEEK OF JANUARY 27, 2024",20,Gusttavo Lima + Hugo & Guilherme,Torce O Olho
"WEEK OF JANUARY 27, 2024",21,"Luan Pereira, MC Daniel & MC Ryan SP",Dentro da Hilux
"WEEK OF JANUARY 27, 2024",22,Murilo Huff,Anestesiado
"WEEK OF JANUARY 27, 2024",23,Felipe Araujo E Luan Santana,Ultima Noite
"WEEK OF JANUARY 27, 2024",24,Luan Santana,Meio Termo
"WEEK OF JANUARY 27, 2024",25,Grego E Paulo Pires,Pane No Sistema
"WEEK OF JANUARY 20, 2024",1,Lauana Prado,Me Leva Pra Casa/Escrito Nas Estrelas/Saudade (Ao Vivo)
"WEEK OF JANUARY 20, 2024",2,"Silva MC, DJ F7, JC no Beat & MC Meno Dani",Maria Mariah
"WEEK OF JANUARY 20, 2024",3,Luan & Ana Castela,Deja Vu
"WEEK OF JANUARY 20, 2024",4,"DJ GBR, MC IG, MC Ryan SP, MC PH, MC Davi, MC Luki, MC Don Juan, MC Kadu, Traplaudo, MC GP & MC GH Do7",Let's Go 4
"WEEK OF JANUARY 20, 2024",5,Manu Bahtidao & Simone Mendes,Daqui Pra Sempre
"WEEK OF JANUARY 20, 2024",6,Gusttavo Lima & Ana Castela,Canudinho
"WEEK OF JANUARY 20, 2024",7,"MC PH, Borges, WIU, Pedro Lotto & WEY",Tenho Que Me Decidir
"WEEK OF JANUARY 20, 2024",8,Ze Neto & Cristiano,Barulho Do Foguete
"WEEK OF JANUARY 20, 2024",9,Grupo Menos E Mais & Matheus Fernandes,Lapada Dela
"WEEK OF JANUARY 20, 2024",10,Chefin,10 Carros
"WEEK OF JANUARY 20, 2024",11,Guilherme & Benuto & Simone Mendes,Manda Um Oi
"WEEK OF JANUARY 20, 2024",12,Pedro Sampaio,Poc Poc
"WEEK OF JANUARY 20, 2024",13,Simone Mendes,Erro Gostoso
"WEEK OF JANUARY 20, 2024",14,Ana Castela & Gustavo Mioto,Fronteira
"WEEK OF JANUARY 20, 2024",15,"Tropa do Bruxo, DJ Ws da Igrejinha, SMU, Triz & MC Menor Thalis",Baile do Bruxo
"WEEK OF JANUARY 20, 2024",16,Simone Mendes,Dois Fugitivos
"WEEK OF JANUARY 20, 2024",17,Isadora Pompeo,Bencaos Que Nao Tem Fim (Counting My Blessings)
"WEEK OF JANUARY 20, 2024",18,Ana Castela,Solteiro Forcado
"WEEK OF JANUARY 20, 2024",19,Marilia Mendonca,Leao
"WEEK OF JANUARY 20, 2024",20,Gusttavo Lima + Hugo & Guilherme,Torce O Olho
"WEEK OF JANUARY 20, 2024",21,Leo Santana & Ze Felipe,Cama Repetida
"WEEK OF JANUARY 20, 2024",22,"Luan Pereira, MC Daniel & MC Ryan SP",Dentro da Hilux
"WEEK OF JANUARY 20, 2024",23,Ana Castela,Nosso Quadro
"WEEK OF JANUARY 20, 2024",24,"Borges, Veigh & MC Cabelinho",Loucura
"WEEK OF JANUARY 20, 2024",25,Grego E Paulo Pires,Pane No Sistema
"WEEK OF JANUARY 13, 2024",1,Luan & Ana Castela,Deja Vu
"WEEK OF JANUARY 13, 2024",2,Lauana Prado,Me Leva Pra Casa/Escrito Nas Estrelas/Saudade (Ao Vivo)
"WEEK OF JANUARY 13, 2024",3,Manu Bahtidao & Simone Mendes,Daqui Pra Sempre
"WEEK OF JANUARY 13, 2024",4,"DJ GBR, MC IG, MC Ryan SP, MC PH, MC Davi, MC Luki, MC Don Juan, MC Kadu, Traplaudo, MC GP & MC GH Do7",Let's Go 4
"WEEK OF JANUARY 13, 2024",5,Gusttavo Lima & Ana Castela,Canudinho
"WEEK OF JANUARY 13, 2024",6,Ze Neto & Cristiano,Barulho Do Foguete
"WEEK OF JANUARY 13, 2024",7,"Silva MC, DJ F7, JC no Beat & MC Meno Dani",Maria Mariah
"WEEK OF JANUARY 13, 2024",8,Grupo Menos E Mais & Matheus Fernandes,Lapada Dela
"WEEK OF JANUARY 13, 2024",9,Guilherme & Benuto & Simone Mendes,Manda Um Oi
"WEEK OF JANUARY 13, 2024",10,Simone Mendes,Erro Gostoso
"WEEK OF JANUARY 13, 2024",11,Simone Mendes,Dois Fugitivos
"WEEK OF JANUARY 13, 2024",12,"Luan Pereira, MC Daniel & MC Ryan SP",Dentro da Hilux
"WEEK OF JANUARY 13, 2024",13,Ana Castela & Gustavo Mioto,Fronteira
"WEEK OF JANUARY 13, 2024",14,"Tropa do Bruxo, DJ Ws da Igrejinha, SMU, Triz & MC Menor Thalis",Baile do Bruxo
"WEEK OF JANUARY 13, 2024",15,Ana Castela,Solteiro Forcado
"WEEK OF JANUARY 13, 2024",16,Chefin,10 Carros
"WEEK OF JANUARY 13, 2024",17,Ana Castela,Nosso Quadro
"WEEK OF JANUARY 13, 2024",18,Marilia Mendonca,Leao
"WEEK OF JANUARY 13, 2024",19,"MC PH, Borges, WIU, Pedro Lotto & WEY",Tenho Que Me Decidir
"WEEK OF JANUARY 13, 2024",20,Gusttavo Lima + Hugo & Guilherme,Torce O Olho
"WEEK OF JANUARY 13, 2024",21,Traia Veia & Murilo Huff,Eu Nao Previ (Ao Vivo Em Goiania)
"WEEK OF JANUARY 13, 2024",22,"Ze Felipe, Luan Pereira & DENNIS",Entao Vai
"WEEK OF JANUARY 13, 2024",23,Pedro Sampaio,Poc Poc
"WEEK OF JANUARY 13, 2024",24,Isadora Pompeo,Bencaos Que Nao Tem Fim (Counting My Blessings)
"WEEK OF JANUARY 13, 2024",25,Gusttavo Lima & Matheus & Kauan,Mala Dos Porta Mala
"WEEK OF JANUARY 6, 2024",1,Lauana Prado,Me Leva Pra Casa/Escrito Nas Estrelas/Saudade (Ao Vivo)
"WEEK OF JANUARY 6, 2024",2,Manu Bahtidao & Simone Mendes,Daqui Pra Sempre
"WEEK OF JANUARY 6, 2024",3,Luan & Ana Castela,Deja Vu
"WEEK OF JANUARY 6, 2024",4,"DJ GBR, MC IG, MC Ryan SP, MC PH, MC Davi, MC Luki, MC Don Juan, MC Kadu, Traplaudo, MC GP & MC GH Do7",Let's Go 4
"WEEK OF JANUARY 6, 2024",5,Ze Neto & Cristiano,Barulho Do Foguete
"WEEK OF JANUARY 6, 2024",6,Gusttavo Lima & Ana Castela,Canudinho
"WEEK OF JANUARY 6, 2024",7,Grupo Menos E Mais & Matheus Fernandes,Lapada Dela
"WEEK OF JANUARY 6, 2024",8,Guilherme & Benuto & Simone Mendes,Manda Um Oi
"WEEK OF JANUARY 6, 2024",9,Simone Mendes,Erro Gostoso
"WEEK OF JANUARY 6, 2024",10,Simone Mendes,Dois Fugitivos
"WEEK OF JANUARY 6, 2024",11,Ana Castela,Solteiro Forcado
"WEEK OF JANUARY 6, 2024",12,"Luan Pereira, MC Daniel & MC Ryan SP",Dentro da Hilux
"WEEK OF JANUARY 6, 2024",13,Ana Castela,Nosso Quadro
"WEEK OF JANUARY 6, 2024",14,"Tropa do Bruxo, DJ Ws da Igrejinha, SMU, Triz & MC Menor Thalis",Baile do Bruxo
"WEEK OF JANUARY 6, 2024",15,Marilia Mendonca,Leao
"WEEK OF JANUARY 6, 2024",16,Ana Castela & Gustavo Mioto,Fronteira
"WEEK OF JANUARY 6, 2024",17,Traia Veia & Murilo Huff,Eu Nao Previ (Ao Vivo Em Goiania)
"WEEK OF JANUARY 6, 2024",18,Chefin,10 Carros
"WEEK OF JANUARY 6, 2024",19,"Silva MC, DJ F7, JC no Beat & MC Meno Dani",Maria Mariah
"WEEK OF JANUARY 6, 2024",20,"MC PH, Borges, WIU, Pedro Lotto & WEY",Tenho Que Me Decidir
"WEEK OF JANUARY 6, 2024",21,Gusttavo Lima & Matheus & Kauan,Mala Dos Porta Mala
"WEEK OF JANUARY 6, 2024",22,Isadora Pompeo,Bencaos Que Nao Tem Fim (Counting My Blessings)
"WEEK OF JANUARY 6, 2024",23,Ze Neto & Cristiano,Oi Balde
"WEEK OF JANUARY 6, 2024",24,Israel & Rodolffo & Mari Fernandez,Seu Brilho Sumiu
"WEEK OF JANUARY 6, 2024",25,Grego E Paulo Pires,Pane No Sistema
