Data,Rank,Artista,Música,Num_Artistas,Colaboracao
WEEK OF NOVEMBER 16; 2024,1,DJ Glenner ; MC Tuto,Barbie,2,True
WEEK OF NOVEMBER 16; 2024,2,Grupo Menos E Mais,Coraco Partido (Corazon Partio) [Ao Vivo],1,False
WEEK OF NOVEMBER 16; 2024,3,Henrique  E  Juliano,Ultima Saudade,1,False
WEEK OF NOVEMBER 16; 2024,4,Leo Foguete,Ultima Noite,1,False
WEEK OF NOVEMBER 16; 2024,5,The Weeknd ; Anitta,Sao Paulo,2,True
WEEK OF NOVEMBER 16; 2024,6,MC Cebezinho; MC Tuto; MC Kako; MC LUUKY ; MC Kadu,A Danada Me Ligando,5,True
WEEK OF NOVEMBER 16; 2024,7,Lady Gaga ; Bruno Mars,Die With A Smile,2,True
WEEK OF NOVEMBER 16; 2024,8,Pedro Sampaio ; Marina Sena,Escada Do Predio,2,True
WEEK OF NOVEMBER 16; 2024,9,MC Joaozinho VT; MC Tuto ; Deejhay RB,Vida de Artista,3,True
WEEK OF NOVEMBER 16; 2024,10,Jorge E Mateus ; Henrique  E  Juliano,Xonei,2,True
WEEK OF NOVEMBER 16; 2024,11,Gusttavo Lima,A Noite (La Notte),1,False
WEEK OF NOVEMBER 16; 2024,12,MC Jvila; Ryan SP; Marks; Aaron Modesto; Magal; Bruno MS; LUUKY ; DJ Dael,365 Dias (Vida Mansa),8,True
WEEK OF NOVEMBER 16; 2024,13,Murilo Huff ; Ana Castela,Peca Intima,2,True
WEEK OF NOVEMBER 16; 2024,14,MC Joaozinho VT; MC Vine7; MC Tuto; MC Duzinho SP; MC LUUKY ; MC Ryan SP,Tropa Do Sem K.O,6,True
WEEK OF NOVEMBER 16; 2024,15,Maiara  E  Maraisa,Vai La,1,False
WEEK OF NOVEMBER 16; 2024,16,MC Livinho ; DJ Topo,"Mtg Na Imaginaçao (Topo Sessions, Vol. 1)",2,True
WEEK OF NOVEMBER 16; 2024,17,ROSE ; Bruno Mars,APT.,2,True
WEEK OF NOVEMBER 16; 2024,18,MC GP; MC Jvila ; MC LUUKY Featuring DJ Yuri Pedrada,300 No 7,3,True
WEEK OF NOVEMBER 16; 2024,19,Matheus Fernandes ; Matheus E Kauan,Triplex,2,True
WEEK OF NOVEMBER 16; 2024,20,Hugo  E  Guilherme ; Maiara  E  Maraisa,O Meu Coracao Em Suas Maos (Colgando En Tu Manso) [Ao Vivo],2,True
WEEK OF NOVEMBER 16; 2024,21,Felipe  E  Rodrigo,Gosta de Rua,1,False
WEEK OF NOVEMBER 16; 2024,22,Kaique  E  Felipe / Luan Pereira,Saveiro,1,False
WEEK OF NOVEMBER 16; 2024,23,Ferrugem ; Sorriso Maroto,Apaguei Pra Todos (Ao Vivo),2,True
WEEK OF NOVEMBER 16; 2024,24,Matue,Crack Com Mussilon,1,False
WEEK OF NOVEMBER 16; 2024,25,MC LUUKY ; Oldilla,Nem Ligo Pro Amor,2,True
WEEK OF NOVEMBER 9; 2024,1,DJ Glenner ; MC Tuto,Barbie,2,True
WEEK OF NOVEMBER 9; 2024,2,Henrique  E  Juliano,Ultima Saudade,1,False
WEEK OF NOVEMBER 9; 2024,3,Grupo Menos E Mais,Coraco Partido (Corazon Partio) [Ao Vivo],1,False
WEEK OF NOVEMBER 9; 2024,4,Leo Foguete,Ultima Noite,1,False
WEEK OF NOVEMBER 9; 2024,5,MC Cebezinho; MC Tuto; MC Kako; MC LUUKY ; MC Kadu,A Danada Me Ligando,5,True
WEEK OF NOVEMBER 9; 2024,6,Lady Gaga ; Bruno Mars,Die With A Smile,2,True
WEEK OF NOVEMBER 9; 2024,7,ROSE ; Bruno Mars,APT.,2,True
WEEK OF NOVEMBER 9; 2024,8,Pedro Sampaio ; Marina Sena,Escada Do Predio,2,True
WEEK OF NOVEMBER 9; 2024,9,MC Jvila; Ryan SP; Marks; Aaron Modesto; Magal; Bruno MS; LUUKY ; DJ Dael,365 Dias (Vida Mansa),8,True
WEEK OF NOVEMBER 9; 2024,10,Jorge E Mateus ; Henrique  E  Juliano,Xonei,2,True
WEEK OF NOVEMBER 9; 2024,11,Murilo Huff ; Ana Castela,Peca Intima,2,True
WEEK OF NOVEMBER 9; 2024,12,MC Joaozinho VT; MC Tuto ; Deejhay RB,Vida de Artista,3,True
WEEK OF NOVEMBER 9; 2024,13,Kaique  E  Felipe / Luan Pereira,Saveiro,1,False
WEEK OF NOVEMBER 9; 2024,14,Felipe  E  Rodrigo,Gosta de Rua,1,False
WEEK OF NOVEMBER 9; 2024,15,Hugo  E  Guilherme ; Maiara  E  Maraisa,O Meu Coracao Em Suas Maos (Colgando En Tu Manso) [Ao Vivo],2,True
WEEK OF NOVEMBER 9; 2024,16,Matue,Crack Com Mussilon,1,False
WEEK OF NOVEMBER 9; 2024,17,Gusttavo Lima,A Noite (La Notte),1,False
WEEK OF NOVEMBER 9; 2024,18,Matheus Fernandes ; Matheus E Kauan,Triplex,2,True
WEEK OF NOVEMBER 9; 2024,19,Maiara  E  Maraisa,Vai La,1,False
WEEK OF NOVEMBER 9; 2024,20,MC Livinho ; DJ Topo,"Mtg Na Imaginaçao (Topo Sessions, Vol. 1)",2,True
WEEK OF NOVEMBER 9; 2024,21,Lady Gaga,Disease,1,False
WEEK OF NOVEMBER 9; 2024,22,MC GP; MC Jvila ; MC LUUKY Featuring DJ Yuri Pedrada,300 No 7,3,True
WEEK OF NOVEMBER 9; 2024,23,Israel ; Rodolffo,Arruma Um Bao,2,True
WEEK OF NOVEMBER 9; 2024,24,Matheus ; Kauan,Cronometro,2,True
WEEK OF NOVEMBER 9; 2024,25,The Box: MC Brinquedo; MC Cebezinho; MC Tuto ; MC Laranjinha,The Box Medley Funk 2,4,True
WEEK OF NOVEMBER 2; 2024,1,Henrique  E  Juliano,Ultima Saudade,1,False
WEEK OF NOVEMBER 2; 2024,2,Grupo Menos E Mais,Coraco Partido (Corazon Partio) [Ao Vivo],1,False
WEEK OF NOVEMBER 2; 2024,3,DJ Glenner ; MC Tuto,Barbie,2,True
WEEK OF NOVEMBER 2; 2024,4,Leo Foguete,Ultima Noite,1,False
WEEK OF NOVEMBER 2; 2024,5,MC Cebezinho; MC Tuto; MC Kako; MC LUUKY ; MC Kadu,A Danada Me Ligando,5,True
WEEK OF NOVEMBER 2; 2024,6,Lady Gaga ; Bruno Mars,Die With A Smile,2,True
WEEK OF NOVEMBER 2; 2024,7,ROSE ; Bruno Mars,APT.,2,True
WEEK OF NOVEMBER 2; 2024,8,Jorge E Mateus ; Henrique  E  Juliano,Xonei,2,True
WEEK OF NOVEMBER 2; 2024,9,Kaique  E  Felipe / Luan Pereira,Saveiro,1,False
WEEK OF NOVEMBER 2; 2024,10,Gusttavo Lima,A Noite (La Notte),1,False
WEEK OF NOVEMBER 2; 2024,11,Pedro Sampaio ; Marina Sena,Escada Do Predio,2,True
WEEK OF NOVEMBER 2; 2024,12,MC Jvila; Ryan SP; Marks; Aaron Modesto; Magal; Bruno MS; LUUKY ; DJ Dael,365 Dias (Vida Mansa),8,True
WEEK OF NOVEMBER 2; 2024,13,Hugo  E  Guilherme ; Maiara  E  Maraisa,O Meu Coracao Em Suas Maos (Colgando En Tu Manso) [Ao Vivo],2,True
WEEK OF NOVEMBER 2; 2024,14,Matue,Crack Com Mussilon,1,False
WEEK OF NOVEMBER 2; 2024,15,Felipe  E  Rodrigo,Gosta de Rua,1,False
WEEK OF NOVEMBER 2; 2024,16,Maiara  E  Maraisa,Vai La,1,False
WEEK OF NOVEMBER 2; 2024,17,Murilo Huff ; Ana Castela,Peca Intima,2,True
WEEK OF NOVEMBER 2; 2024,18,Matheus Fernandes ; Matheus E Kauan,Triplex,2,True
WEEK OF NOVEMBER 2; 2024,19,MC Joaozinho VT; MC Tuto ; Deejhay RB,Vida de Artista,3,True
WEEK OF NOVEMBER 2; 2024,20,MC GP; MC Jvila ; MC LUUKY Featuring DJ Yuri Pedrada,300 No 7,3,True
WEEK OF NOVEMBER 2; 2024,21,Diego ; Victor Hugo,Entregador de Flor (Ao Vivo Em Brasilla),2,True
WEEK OF NOVEMBER 2; 2024,22,The Box: MC Brinquedo; MC Cebezinho; MC Tuto ; MC Laranjinha,The Box Medley Funk 2,4,True
WEEK OF NOVEMBER 2; 2024,23,Matheus ; Kauan,Cronometro,2,True
WEEK OF NOVEMBER 2; 2024,24,DJ L30 Featuring MC Thaizinha,Do Jeito Que Voce Mete,1,False
WEEK OF NOVEMBER 2; 2024,25,Gloria Groove,Nosso Primeiro Beijo,1,False
WEEK OF OCTOBER 26; 2024,1,Henrique  E  Juliano,Ultima Saudade,1,False
WEEK OF OCTOBER 26; 2024,2,Grupo Menos E Mais,Coraco Partido (Corazon Partio) [Ao Vivo],1,False
WEEK OF OCTOBER 26; 2024,3,MC Cebezinho; MC Tuto; MC Kako; MC LUUKY ; MC Kadu,A Danada Me Ligando,5,True
WEEK OF OCTOBER 26; 2024,4,Lady Gaga ; Bruno Mars,Die With A Smile,2,True
WEEK OF OCTOBER 26; 2024,5,Jorge E Mateus ; Henrique  E  Juliano,Xonei,2,True
WEEK OF OCTOBER 26; 2024,6,Kaique  E  Felipe / Luan Pereira,Saveiro,1,False
WEEK OF OCTOBER 26; 2024,7,Gusttavo Lima,A Noite (La Notte),1,False
WEEK OF OCTOBER 26; 2024,8,Felipe  E  Rodrigo,Gosta de Rua,1,False
WEEK OF OCTOBER 26; 2024,9,Matheus Fernandes ; Matheus E Kauan,Triplex,2,True
WEEK OF OCTOBER 26; 2024,10,Hugo  E  Guilherme ; Maiara  E  Maraisa,O Meu Coracao Em Suas Maos (Colgando En Tu Manso) [Ao Vivo],2,True
WEEK OF OCTOBER 26; 2024,11,Matue,Crack Com Mussilon,1,False
WEEK OF OCTOBER 26; 2024,12,MC Jvila; Ryan SP; Marks; Aaron Modesto; Magal; Bruno MS; LUUKY ; DJ Dael,365 Dias (Vida Mansa),8,True
WEEK OF OCTOBER 26; 2024,13,Maiara  E  Maraisa,Vai La,1,False
WEEK OF OCTOBER 26; 2024,14,Luan Santana,Clone,1,False
WEEK OF OCTOBER 26; 2024,15,Grelo,So Fe,1,False
WEEK OF OCTOBER 26; 2024,16,Henrique  E  Juliano,Seja Ex,1,False
WEEK OF OCTOBER 26; 2024,17,Gloria Groove,Nosso Primeiro Beijo,1,False
WEEK OF OCTOBER 26; 2024,18,The Box: MC Brinquedo; MC Cebezinho; MC Tuto ; MC Laranjinha,The Box Medley Funk 2,4,True
WEEK OF OCTOBER 26; 2024,19,DJ L30 Featuring MC Thaizinha,Do Jeito Que Voce Mete,1,False
WEEK OF OCTOBER 26; 2024,20,Matheus ; Kauan,Cronometro,2,True
WEEK OF OCTOBER 26; 2024,21,MC GP; MC Jvila ; MC LUUKY Featuring DJ Yuri Pedrada,300 No 7,3,True
WEEK OF OCTOBER 26; 2024,22,Ferrugem ; Sorriso Maroto,Apaguei Pra Todos (Ao Vivo),2,True
WEEK OF OCTOBER 26; 2024,23,Grelo,De Graca Ou Pagando,1,False
WEEK OF OCTOBER 26; 2024,24,Traia Veia E Luan Pereira,Wi-Fi,1,False
WEEK OF OCTOBER 26; 2024,25,Jorge  E  Mateus ; Lauana Prado,Havera Sinais,2,True
WEEK OF OCTOBER 19; 2024,1,Grupo Menos E Mais,Coraco Partido (Corazon Partio) [Ao Vivo],1,False
WEEK OF OCTOBER 19; 2024,2,Henrique  E  Juliano,Ultima Saudade,1,False
WEEK OF OCTOBER 19; 2024,3,MC Cebezinho; MC Tuto; MC Kako; MC LUUKY ; MC Kadu,A Danada Me Ligando,5,True
WEEK OF OCTOBER 19; 2024,4,Lady Gaga ; Bruno Mars,Die With A Smile,2,True
WEEK OF OCTOBER 19; 2024,5,Kaique  E  Felipe / Luan Pereira,Saveiro,1,False
WEEK OF OCTOBER 19; 2024,6,Jorge E Mateus ; Henrique  E  Juliano,Xonei,2,True
WEEK OF OCTOBER 19; 2024,7,Gusttavo Lima,A Noite (La Notte),1,False
WEEK OF OCTOBER 19; 2024,8,Matue,Crack Com Mussilon,1,False
WEEK OF OCTOBER 19; 2024,9,Matheus Fernandes ; Matheus E Kauan,Triplex,2,True
WEEK OF OCTOBER 19; 2024,10,Felipe  E  Rodrigo,Gosta de Rua,1,False
WEEK OF OCTOBER 19; 2024,11,Grelo,So Fe,1,False
WEEK OF OCTOBER 19; 2024,12,Grelo,De Graca Ou Pagando,1,False
WEEK OF OCTOBER 19; 2024,13,DJ L30 Featuring MC Thaizinha,Do Jeito Que Voce Mete,1,False
WEEK OF OCTOBER 19; 2024,14,Gloria Groove,Nosso Primeiro Beijo,1,False
WEEK OF OCTOBER 19; 2024,15,Traia Veia E Luan Pereira,Wi-Fi,1,False
WEEK OF OCTOBER 19; 2024,16,The Box: MC Brinquedo; MC Cebezinho; MC Tuto ; MC Laranjinha,The Box Medley Funk 2,4,True
WEEK OF OCTOBER 19; 2024,17,Hugo  E  Guilherme ; Maiara  E  Maraisa,O Meu Coracao Em Suas Maos (Colgando En Tu Manso) [Ao Vivo],2,True
WEEK OF OCTOBER 19; 2024,18,MC GP; MC Jvila ; MC LUUKY Featuring DJ Yuri Pedrada,300 No 7,3,True
WEEK OF OCTOBER 19; 2024,19,Luan Pereira ; Ana Castela,Depois Do Rodeio,2,True
WEEK OF OCTOBER 19; 2024,20,Matue Featuring Veigh,Imagina Esse Cenario,1,False
WEEK OF OCTOBER 19; 2024,21,MC Leozin; MC Rick; Boladin 211 ; DJ L MARTINS,Sorriso No Rosto,4,True
WEEK OF OCTOBER 19; 2024,22,Luan Santana,Clone,1,False
WEEK OF OCTOBER 19; 2024,23,Matheus ; Kauan,Cronometro,2,True
WEEK OF OCTOBER 19; 2024,24,MC Jvila; Ryan SP; Marks; Aaron Modesto; Magal; Bruno MS; LUUKY ; DJ Dael,365 Dias (Vida Mansa),8,True
WEEK OF OCTOBER 19; 2024,25,DJ Topo; MC Leozin ; Seu Jorge,MTG Quem Nao Quer Sou Eu,3,True
WEEK OF OCTOBER 12; 2024,1,Grupo Menos E Mais,Coraco Partido (Corazon Partio) [Ao Vivo],1,False
WEEK OF OCTOBER 12; 2024,2,MC Cebezinho; MC Tuto; MC Kako; MC LUUKY ; MC Kadu,A Danada Me Ligando,5,True
WEEK OF OCTOBER 12; 2024,3,Jorge E Mateus ; Henrique  E  Juliano,Xonei,2,True
WEEK OF OCTOBER 12; 2024,4,Matue,Crack Com Mussilon,1,False
WEEK OF OCTOBER 12; 2024,5,Kaique  E  Felipe / Luan Pereira,Saveiro,1,False
WEEK OF OCTOBER 12; 2024,6,Lady Gaga ; Bruno Mars,Die With A Smile,2,True
WEEK OF OCTOBER 12; 2024,7,Felipe  E  Rodrigo,Gosta de Rua,1,False
WEEK OF OCTOBER 12; 2024,8,Matheus Fernandes ; Matheus E Kauan,Triplex,2,True
WEEK OF OCTOBER 12; 2024,9,Grelo,So Fe,1,False
WEEK OF OCTOBER 12; 2024,10,Linkin Park,The Emptiness Machine,1,False
WEEK OF OCTOBER 12; 2024,11,Gusttavo Lima,A Noite (La Notte),1,False
WEEK OF OCTOBER 12; 2024,12,The Box: MC Brinquedo; MC Cebezinho; MC Tuto ; MC Laranjinha,The Box Medley Funk 2,4,True
WEEK OF OCTOBER 12; 2024,13,Grelo,De Graca Ou Pagando,1,False
WEEK OF OCTOBER 12; 2024,14,Luan Pereira ; Ana Castela,Depois Do Rodeio,2,True
WEEK OF OCTOBER 12; 2024,15,Matue Featuring Veigh,Imagina Esse Cenario,1,False
WEEK OF OCTOBER 12; 2024,16,Traia Veia E Luan Pereira,Wi-Fi,1,False
WEEK OF OCTOBER 12; 2024,17,Henrique  E  Juliano,Ultima Saudade,1,False
WEEK OF OCTOBER 12; 2024,18,Gloria Groove,Nosso Primeiro Beijo,1,False
WEEK OF OCTOBER 12; 2024,19,Luan Santana,Clone,1,False
WEEK OF OCTOBER 12; 2024,20,Matheus ; Kauan,Cronometro,2,True
WEEK OF OCTOBER 12; 2024,21,MC GP; MC Jvila ; MC LUUKY Featuring DJ Yuri Pedrada,300 No 7,3,True
WEEK OF OCTOBER 12; 2024,22,Jorge  E  Mateus ; Lauana Prado,Havera Sinais,2,True
WEEK OF OCTOBER 12; 2024,23,Gusttavo Lima,Morar Nesse Motel,1,False
WEEK OF OCTOBER 12; 2024,24,Hugo  E  Guilherme ; Maiara  E  Maraisa,O Meu Coracao Em Suas Maos (Colgando En Tu Manso) [Ao Vivo],2,True
WEEK OF OCTOBER 12; 2024,25,DJ L30 Featuring MC Thaizinha,Do Jeito Que Voce Mete,1,False
WEEK OF OCTOBER 5; 2024,1,Matue,Crack Com Mussilon,1,False
WEEK OF OCTOBER 5; 2024,2,Grupo Menos E Mais,Coraco Partido (Corazon Partio) [Ao Vivo],1,False
WEEK OF OCTOBER 5; 2024,3,MC Cebezinho; MC Tuto; MC Kako; MC LUUKY ; MC Kadu,A Danada Me Ligando,5,True
WEEK OF OCTOBER 5; 2024,4,Kaique  E  Felipe / Luan Pereira,Saveiro,1,False
WEEK OF OCTOBER 5; 2024,5,Jorge E Mateus ; Henrique  E  Juliano,Xonei,2,True
WEEK OF OCTOBER 5; 2024,6,Matue Featuring Veigh,Imagina Esse Cenario,1,False
WEEK OF OCTOBER 5; 2024,7,Lady Gaga ; Bruno Mars,Die With A Smile,2,True
WEEK OF OCTOBER 5; 2024,8,Grelo,So Fe,1,False
WEEK OF OCTOBER 5; 2024,9,Matheus Fernandes ; Matheus E Kauan,Triplex,2,True
WEEK OF OCTOBER 5; 2024,10,Felipe  E  Rodrigo,Gosta de Rua,1,False
WEEK OF OCTOBER 5; 2024,11,Linkin Park,The Emptiness Machine,1,False
WEEK OF OCTOBER 5; 2024,12,Luan Pereira ; Ana Castela,Depois Do Rodeio,2,True
WEEK OF OCTOBER 5; 2024,13,Grelo,De Graca Ou Pagando,1,False
WEEK OF OCTOBER 5; 2024,14,The Box: MC Brinquedo; MC Cebezinho; MC Tuto ; MC Laranjinha,The Box Medley Funk 2,4,True
WEEK OF OCTOBER 5; 2024,15,Traia Veia E Luan Pereira,Wi-Fi,1,False
WEEK OF OCTOBER 5; 2024,16,Luan Santana,Clone,1,False
WEEK OF OCTOBER 5; 2024,17,Matue,1993,1,False
WEEK OF OCTOBER 5; 2024,18,Gusttavo Lima,A Noite (La Notte),1,False
WEEK OF OCTOBER 5; 2024,19,Matheus ; Kauan,Cronometro,2,True
WEEK OF OCTOBER 5; 2024,20,Gloria Groove,Nosso Primeiro Beijo,1,False
WEEK OF OCTOBER 5; 2024,21,Matue Featuring Brandao85,Isso E Serio,1,False
WEEK OF OCTOBER 5; 2024,22,DJ Duarte; MC Lipivox; DJ Kayo Original; MC Random ; Prime Funk,Ritmada Interestelar,5,True
WEEK OF OCTOBER 5; 2024,23,Gusttavo Lima,Morar Nesse Motel,1,False
WEEK OF OCTOBER 5; 2024,24,Jorge  E  Mateus ; Lauana Prado,Havera Sinais,2,True
WEEK OF OCTOBER 5; 2024,25,Murilo Huff E Gustavo Mioto,Me Caiu Tao Bem,1,False
WEEK OF SEPTEMBER 28; 2024,1,Matue,Crack Com Mussilon,1,False
WEEK OF SEPTEMBER 28; 2024,2,Kaique  E  Felipe / Luan Pereira,Saveiro,1,False
WEEK OF SEPTEMBER 28; 2024,3,Matue Featuring Veigh,Imagina Esse Cenario,1,False
WEEK OF SEPTEMBER 28; 2024,4,MC Cebezinho; MC Tuto; MC Kako; MC LUUKY ; MC Kadu,A Danada Me Ligando,5,True
WEEK OF SEPTEMBER 28; 2024,5,Jorge E Mateus ; Henrique  E  Juliano,Xonei,2,True
WEEK OF SEPTEMBER 28; 2024,6,Linkin Park,The Emptiness Machine,1,False
WEEK OF SEPTEMBER 28; 2024,7,Lady Gaga ; Bruno Mars,Die With A Smile,2,True
WEEK OF SEPTEMBER 28; 2024,8,Grelo,So Fe,1,False
WEEK OF SEPTEMBER 28; 2024,9,Grupo Menos E Mais,Coraco Partido (Corazon Partio) [Ao Vivo],1,False
WEEK OF SEPTEMBER 28; 2024,10,Matheus Fernandes ; Matheus E Kauan,Triplex,2,True
WEEK OF SEPTEMBER 28; 2024,11,Matue,1993,1,False
WEEK OF SEPTEMBER 28; 2024,12,Felipe  E  Rodrigo,Gosta de Rua,1,False
WEEK OF SEPTEMBER 28; 2024,13,Luan Santana,Clone,1,False
WEEK OF SEPTEMBER 28; 2024,14,Matue Featuring Brandao85,Isso E Serio,1,False
WEEK OF SEPTEMBER 28; 2024,15,Traia Veia E Luan Pereira,Wi-Fi,1,False
WEEK OF SEPTEMBER 28; 2024,16,Matue Featuring Teto,4Tal,1,False
WEEK OF SEPTEMBER 28; 2024,17,Grelo,De Graca Ou Pagando,1,False
WEEK OF SEPTEMBER 28; 2024,18,The Box: MC Brinquedo; MC Cebezinho; MC Tuto ; MC Laranjinha,The Box Medley Funk 2,4,True
WEEK OF SEPTEMBER 28; 2024,19,Matue,Maria,1,False
WEEK OF SEPTEMBER 28; 2024,20,DJ Duarte; MC Lipivox; DJ Kayo Original; MC Random ; Prime Funk,Ritmada Interestelar,5,True
WEEK OF SEPTEMBER 28; 2024,21,Matue,333,1,False
WEEK OF SEPTEMBER 28; 2024,22,Gusttavo Lima,Morar Nesse Motel,1,False
WEEK OF SEPTEMBER 28; 2024,23,Gusttavo Lima,A Noite (La Notte),1,False
WEEK OF SEPTEMBER 28; 2024,24,Matue,O Som,1,False
WEEK OF SEPTEMBER 28; 2024,25,Matheus ; Kauan,Cronometro,2,True
WEEK OF SEPTEMBER 21; 2024,1,Kaique  E  Felipe / Luan Pereira,Saveiro,1,False
WEEK OF SEPTEMBER 21; 2024,2,Jorge E Mateus ; Henrique  E  Juliano,Xonei,2,True
WEEK OF SEPTEMBER 21; 2024,3,MC Cebezinho; MC Tuto; MC Kako; MC LUUKY ; MC Kadu,A Danada Me Ligando,5,True
WEEK OF SEPTEMBER 21; 2024,4,Grelo,So Fe,1,False
WEEK OF SEPTEMBER 21; 2024,5,Linkin Park,The Emptiness Machine,1,False
WEEK OF SEPTEMBER 21; 2024,6,Matheus Fernandes ; Matheus E Kauan,Triplex,2,True
WEEK OF SEPTEMBER 21; 2024,7,Traia Veia E Luan Pereira,Wi-Fi,1,False
WEEK OF SEPTEMBER 21; 2024,8,Luan Santana,Clone,1,False
WEEK OF SEPTEMBER 21; 2024,9,Lady Gaga ; Bruno Mars,Die With A Smile,2,True
WEEK OF SEPTEMBER 21; 2024,10,The Box: MC Brinquedo; MC Cebezinho; MC Tuto ; MC Laranjinha,The Box Medley Funk 2,4,True
WEEK OF SEPTEMBER 21; 2024,11,Felipe  E  Rodrigo,Gosta de Rua,1,False
WEEK OF SEPTEMBER 21; 2024,12,Matue,Crack Com Mussilon,1,False
WEEK OF SEPTEMBER 21; 2024,13,Grelo,De Graca Ou Pagando,1,False
WEEK OF SEPTEMBER 21; 2024,14,DJ Duarte; MC Lipivox; DJ Kayo Original; MC Random ; Prime Funk,Ritmada Interestelar,5,True
WEEK OF SEPTEMBER 21; 2024,15,Gusttavo Lima,Morar Nesse Motel,1,False
WEEK OF SEPTEMBER 21; 2024,16,Matue Featuring Veigh,Imagina Esse Cenario,1,False
WEEK OF SEPTEMBER 21; 2024,17,Lou Garcia,Nao Fosse Tao Tarde,1,False
WEEK OF SEPTEMBER 21; 2024,18,Matheus ; Kauan,Cronometro,2,True
WEEK OF SEPTEMBER 21; 2024,19,Matue Featuring Teto,4Tal,1,False
WEEK OF SEPTEMBER 21; 2024,20,Jorge  E  Mateus ; Lauana Prado,Havera Sinais,2,True
WEEK OF SEPTEMBER 21; 2024,21,Matue,1993,1,False
WEEK OF SEPTEMBER 21; 2024,22,Gustavo Mioto,Eu Fujo,1,False
WEEK OF SEPTEMBER 21; 2024,23,Gloria Groove,Nosso Primeiro Beijo,1,False
WEEK OF SEPTEMBER 21; 2024,24,Murilo Huff E Gustavo Mioto,Me Caiu Tao Bem,1,False
WEEK OF SEPTEMBER 21; 2024,25,Matue Featuring Brandao85,Isso E Serio,1,False
WEEK OF SEPTEMBER 14; 2024,1,Jorge E Mateus ; Henrique  E  Juliano,Xonei,2,True
WEEK OF SEPTEMBER 14; 2024,2,Kaique  E  Felipe / Luan Pereira,Saveiro,1,False
WEEK OF SEPTEMBER 14; 2024,3,Nattan; Ze Felipe ; O Rei da Batidinha,Patrai,3,True
WEEK OF SEPTEMBER 14; 2024,4,Grelo,So Fe,1,False
WEEK OF SEPTEMBER 14; 2024,5,Traia Veia E Luan Pereira,Wi-Fi,1,False
WEEK OF SEPTEMBER 14; 2024,6,Matheus Fernandes ; Matheus E Kauan,Triplex,2,True
WEEK OF SEPTEMBER 14; 2024,7,The Box: MC Brinquedo; MC Cebezinho; MC Tuto ; MC Laranjinha,The Box Medley Funk 2,4,True
WEEK OF SEPTEMBER 14; 2024,8,Felipe  E  Rodrigo,Gosta de Rua,1,False
WEEK OF SEPTEMBER 14; 2024,9,icaro E Gilmar ; Luan Pereira,Diferentona,2,True
WEEK OF SEPTEMBER 14; 2024,10,MC Cebezinho; MC Tuto; MC Kako; MC LUUKY ; MC Kadu,A Danada Me Ligando,5,True
WEEK OF SEPTEMBER 14; 2024,11,Grelo,De Graca Ou Pagando,1,False
WEEK OF SEPTEMBER 14; 2024,12,Luan Santana,Clone,1,False
WEEK OF SEPTEMBER 14; 2024,13,Lady Gaga ; Bruno Mars,Die With A Smile,2,True
WEEK OF SEPTEMBER 14; 2024,14,Clayton  E  Romario,Aproveita,1,False
WEEK OF SEPTEMBER 14; 2024,15,DJ Duarte; MC Lipivox; DJ Kayo Original; MC Random ; Prime Funk,Ritmada Interestelar,5,True
WEEK OF SEPTEMBER 14; 2024,16,Gusttavo Lima,Morar Nesse Motel,1,False
WEEK OF SEPTEMBER 14; 2024,17,Lou Garcia,Nao Fosse Tao Tarde,1,False
WEEK OF SEPTEMBER 14; 2024,18,Gloria Groove,Nosso Primeiro Beijo,1,False
WEEK OF SEPTEMBER 14; 2024,19,Jorge  E  Mateus ; Lauana Prado,Havera Sinais,2,True
WEEK OF SEPTEMBER 14; 2024,20,Mari Fernandez ; Ze Felipe,"Louco, Louco",2,True
WEEK OF SEPTEMBER 14; 2024,21,Murilo Huff E Gustavo Mioto,Me Caiu Tao Bem,1,False
WEEK OF SEPTEMBER 14; 2024,22,MC LUUKY; MC Ryan SP; DJ Victor; Bolandin 211 ; MC Vine7,Sempre Na Simplicidade,5,True
WEEK OF SEPTEMBER 14; 2024,23,Lauana Prado ; Ze Neto E Cristiano,Sombra Desconhecida,2,True
WEEK OF SEPTEMBER 14; 2024,24,Matheus ; Kauan,Cronometro,2,True
WEEK OF SEPTEMBER 14; 2024,25,DJ SV - Manim Vaqueiro,MTG Forro E Desmantelo,1,False
WEEK OF SEPTEMBER 7; 2024,1,Mari Fernandez ; Ze Felipe,"Louco, Louco",2,True
WEEK OF SEPTEMBER 7; 2024,2,Jorge E Mateus ; Henrique  E  Juliano,Xonei,2,True
WEEK OF SEPTEMBER 7; 2024,3,Grelo,So Fe,1,False
WEEK OF SEPTEMBER 7; 2024,4,icaro E Gilmar ; Luan Pereira,Diferentona,2,True
WEEK OF SEPTEMBER 7; 2024,5,Kaique  E  Felipe / Luan Pereira,Saveiro,1,False
WEEK OF SEPTEMBER 7; 2024,6,Traia Veia E Luan Pereira,Wi-Fi,1,False
WEEK OF SEPTEMBER 7; 2024,7,Matheus Fernandes ; Matheus E Kauan,Triplex,2,True
WEEK OF SEPTEMBER 7; 2024,8,Nattan; Ze Felipe ; O Rei da Batidinha,Patrai,3,True
WEEK OF SEPTEMBER 7; 2024,9,The Box: MC Brinquedo; MC Cebezinho; MC Tuto ; MC Laranjinha,The Box Medley Funk 2,4,True
WEEK OF SEPTEMBER 7; 2024,10,Felipe  E  Rodrigo,Gosta de Rua,1,False
WEEK OF SEPTEMBER 7; 2024,11,Grelo,De Graca Ou Pagando,1,False
WEEK OF SEPTEMBER 7; 2024,12,Clayton  E  Romario,Aproveita,1,False
WEEK OF SEPTEMBER 7; 2024,13,Gusttavo Lima,Morar Nesse Motel,1,False
WEEK OF SEPTEMBER 7; 2024,14,DJ SV - Manim Vaqueiro,MTG Forro E Desmantelo,1,False
WEEK OF SEPTEMBER 7; 2024,15,Lady Gaga ; Bruno Mars,Die With A Smile,2,True
WEEK OF SEPTEMBER 7; 2024,16,Luan Santana,Clone,1,False
WEEK OF SEPTEMBER 7; 2024,17,Lou Garcia,Nao Fosse Tao Tarde,1,False
WEEK OF SEPTEMBER 7; 2024,18,Murilo Huff E Gustavo Mioto,Me Caiu Tao Bem,1,False
WEEK OF SEPTEMBER 7; 2024,19,Jorge  E  Mateus ; Lauana Prado,Havera Sinais,2,True
WEEK OF SEPTEMBER 7; 2024,20,Oldilla; MCS Gabb; Tato; Boladin; TrapLaudo; LUUKY ; Bruno MS,Deixa O Cavalo Correr,7,True
WEEK OF SEPTEMBER 7; 2024,21,DJ Topo; MC Leozin ; Seu Jorge,MTG Quem Nao Quer Sou Eu,3,True
WEEK OF SEPTEMBER 7; 2024,22,MC LUUKY; MC Ryan SP; DJ Victor; Bolandin 211 ; MC Vine7,Sempre Na Simplicidade,5,True
WEEK OF SEPTEMBER 7; 2024,23,Gloria Groove,Nosso Primeiro Beijo,1,False
WEEK OF SEPTEMBER 7; 2024,24,Luisa Sonza ; KayBlack,Sagrado Profano,2,True
WEEK OF SEPTEMBER 7; 2024,25,Hugo  E  Guilherme,Morena De Goiania,1,False
WEEK OF AUGUST 31; 2024,1,Grelo,So Fe,1,False
WEEK OF AUGUST 31; 2024,2,Jorge E Mateus ; Henrique  E  Juliano,Xonei,2,True
WEEK OF AUGUST 31; 2024,3,Matheus Fernandes ; Matheus E Kauan,Triplex,2,True
WEEK OF AUGUST 31; 2024,4,Traia Veia E Luan Pereira,Wi-Fi,1,False
WEEK OF AUGUST 31; 2024,5,Felipe  E  Rodrigo,Gosta de Rua,1,False
WEEK OF AUGUST 31; 2024,6,Kaique  E  Felipe / Luan Pereira,Saveiro,1,False
WEEK OF AUGUST 31; 2024,7,The Box: MC Brinquedo; MC Cebezinho; MC Tuto ; MC Laranjinha,The Box Medley Funk 2,4,True
WEEK OF AUGUST 31; 2024,8,Gusttavo Lima,Morar Nesse Motel,1,False
WEEK OF AUGUST 31; 2024,9,Grelo,De Graca Ou Pagando,1,False
WEEK OF AUGUST 31; 2024,10,Clayton  E  Romario,Aproveita,1,False
WEEK OF AUGUST 31; 2024,11,Lou Garcia,Nao Fosse Tao Tarde,1,False
WEEK OF AUGUST 31; 2024,12,DJ SV - Manim Vaqueiro,MTG Forro E Desmantelo,1,False
WEEK OF AUGUST 31; 2024,13,Lady Gaga ; Bruno Mars,Die With A Smile,2,True
WEEK OF AUGUST 31; 2024,14,Simone Mendes,Mulher Foda,1,False
WEEK OF AUGUST 31; 2024,15,Murilo Huff E Gustavo Mioto,Me Caiu Tao Bem,1,False
WEEK OF AUGUST 31; 2024,16,Mari Fernandez ; Ze Felipe,"Louco, Louco",2,True
WEEK OF AUGUST 31; 2024,17,Jorge  E  Mateus ; Lauana Prado,Havera Sinais,2,True
WEEK OF AUGUST 31; 2024,18,MC LUUKY; MC Ryan SP; DJ Victor; Bolandin 211 ; MC Vine7,Sempre Na Simplicidade,5,True
WEEK OF AUGUST 31; 2024,19,Hugo  E  Guilherme,Morena De Goiania,1,False
WEEK OF AUGUST 31; 2024,20,Simone Mendes,Dois Tristes,1,False
WEEK OF AUGUST 31; 2024,21,Gloria Groove,Nosso Primeiro Beijo,1,False
WEEK OF AUGUST 31; 2024,22,Ze Neto  E  Cristiano ; Ana Castela,Foi Intenso,2,True
WEEK OF AUGUST 31; 2024,23,Lauana Prado ; Ze Neto E Cristiano,Sombra Desconhecida,2,True
WEEK OF AUGUST 31; 2024,24,Luisa Sonza ; KayBlack,Sagrado Profano,2,True
WEEK OF AUGUST 31; 2024,25,DJ Topo; MC Leozin ; Seu Jorge,MTG Quem Nao Quer Sou Eu,3,True
WEEK OF AUGUST 24; 2024,1,Grelo,So Fe,1,False
WEEK OF AUGUST 24; 2024,2,Traia Veia E Luan Pereira,Wi-Fi,1,False
WEEK OF AUGUST 24; 2024,3,Matheus Fernandes ; Matheus E Kauan,Triplex,2,True
WEEK OF AUGUST 24; 2024,4,The Box: MC Brinquedo; MC Cebezinho; MC Tuto ; MC Laranjinha,The Box Medley Funk 2,4,True
WEEK OF AUGUST 24; 2024,5,Gusttavo Lima,Morar Nesse Motel,1,False
WEEK OF AUGUST 24; 2024,6,Felipe  E  Rodrigo,Gosta de Rua,1,False
WEEK OF AUGUST 24; 2024,7,Clayton  E  Romario,Aproveita,1,False
WEEK OF AUGUST 24; 2024,8,Kaique  E  Felipe / Luan Pereira,Saveiro,1,False
WEEK OF AUGUST 24; 2024,9,Lou Garcia,Nao Fosse Tao Tarde,1,False
WEEK OF AUGUST 24; 2024,10,DJ SV - Manim Vaqueiro,MTG Forro E Desmantelo,1,False
WEEK OF AUGUST 24; 2024,11,MC LUUKY; MC Ryan SP; DJ Victor; Bolandin 211 ; MC Vine7,Sempre Na Simplicidade,5,True
WEEK OF AUGUST 24; 2024,12,Jorge  E  Mateus ; Lauana Prado,Havera Sinais,2,True
WEEK OF AUGUST 24; 2024,13,Guilherme ; Benuto,Chorosa (Ao Vivo),2,True
WEEK OF AUGUST 24; 2024,14,Murilo Huff E Gustavo Mioto,Me Caiu Tao Bem,1,False
WEEK OF AUGUST 24; 2024,15,KayBlack ; Murillo e LT No Beat,Misterios,2,True
WEEK OF AUGUST 24; 2024,16,Luan Santana ; Luan Pereira,Eu Sou Sentimento,2,True
WEEK OF AUGUST 24; 2024,17,Luisa Sonza ; KayBlack,Sagrado Profano,2,True
WEEK OF AUGUST 24; 2024,18,Simone Mendes,Mulher Foda,1,False
WEEK OF AUGUST 24; 2024,19,Gloria Groove,Nosso Primeiro Beijo,1,False
WEEK OF AUGUST 24; 2024,20,DJ Topo; MC Leozin ; Seu Jorge,MTG Quem Nao Quer Sou Eu,3,True
WEEK OF AUGUST 24; 2024,21,Simone Mendes,Dois Tristes,1,False
WEEK OF AUGUST 24; 2024,22,Hugo  E  Guilherme,Morena De Goiania,1,False
WEEK OF AUGUST 24; 2024,23,Ze Neto  E  Cristiano ; Ana Castela,Foi Intenso,2,True
WEEK OF AUGUST 24; 2024,24,CountryBeat; Felix ; Leo Souzza,Sonho Dela,3,True
WEEK OF AUGUST 24; 2024,25,Lauana Prado ; Ze Neto E Cristiano,Sombra Desconhecida,2,True
WEEK OF AUGUST 17; 2024,1,The Box: MC Brinquedo; MC Cebezinho; MC Tuto ; MC Laranjinha,The Box Medley Funk 2,4,True
WEEK OF AUGUST 17; 2024,2,Traia Veia E Luan Pereira,Wi-Fi,1,False
WEEK OF AUGUST 17; 2024,3,Felipe  E  Rodrigo,Gosta de Rua,1,False
WEEK OF AUGUST 17; 2024,4,Matheus Fernandes ; Matheus E Kauan,Triplex,2,True
WEEK OF AUGUST 17; 2024,5,Gusttavo Lima,Morar Nesse Motel,1,False
WEEK OF AUGUST 17; 2024,6,Clayton  E  Romario,Aproveita,1,False
WEEK OF AUGUST 17; 2024,7,MC LUUKY; MC Ryan SP; DJ Victor; Bolandin 211 ; MC Vine7,Sempre Na Simplicidade,5,True
WEEK OF AUGUST 17; 2024,8,DJ Topo; MC Leozin ; Seu Jorge,MTG Quem Nao Quer Sou Eu,3,True
WEEK OF AUGUST 17; 2024,9,DJ SV - Manim Vaqueiro,MTG Forro E Desmantelo,1,False
WEEK OF AUGUST 17; 2024,10,Lou Garcia,Nao Fosse Tao Tarde,1,False
WEEK OF AUGUST 17; 2024,11,Simone Mendes,Mulher Foda,1,False
WEEK OF AUGUST 17; 2024,12,KayBlack ; Murillo e LT No Beat,Misterios,2,True
WEEK OF AUGUST 17; 2024,13,Murilo Huff E Gustavo Mioto,Me Caiu Tao Bem,1,False
WEEK OF AUGUST 17; 2024,14,Jorge  E  Mateus ; Lauana Prado,Havera Sinais,2,True
WEEK OF AUGUST 17; 2024,15,Luisa Sonza ; KayBlack,Sagrado Profano,2,True
WEEK OF AUGUST 17; 2024,16,Luan Santana ; Luan Pereira,Eu Sou Sentimento,2,True
WEEK OF AUGUST 17; 2024,17,CountryBeat; Felix ; Leo Souzza,Sonho Dela,3,True
WEEK OF AUGUST 17; 2024,18,Guilherme ; Benuto,Chorosa (Ao Vivo),2,True
WEEK OF AUGUST 17; 2024,19,Sevdaliza; Pabllo Vittar ; Yseult,Alibi,3,True
WEEK OF AUGUST 17; 2024,20,Gloria Groove,Nosso Primeiro Beijo,1,False
WEEK OF AUGUST 17; 2024,21,Simone Mendes,Dois Tristes,1,False
WEEK OF AUGUST 17; 2024,22,Ze Neto  E  Cristiano ; Ana Castela,Foi Intenso,2,True
WEEK OF AUGUST 17; 2024,23,Hugo  E  Guilherme,Morena De Goiania,1,False
WEEK OF AUGUST 17; 2024,24,Manu ; Guilherme ; Benuto,Torre Eiffel (Ao Vivo),3,True
WEEK OF AUGUST 17; 2024,25,Lauana Prado ; Ze Neto E Cristiano,Sombra Desconhecida,2,True
WEEK OF AUGUST 10; 2024,1,The Box: MC Brinquedo; MC Cebezinho; MC Tuto ; MC Laranjinha,The Box Medley Funk 2,4,True
WEEK OF AUGUST 10; 2024,2,Felipe  E  Rodrigo,Gosta de Rua,1,False
WEEK OF AUGUST 10; 2024,3,Matheus Fernandes ; Matheus E Kauan,Triplex,2,True
WEEK OF AUGUST 10; 2024,4,CountryBeat; Felix ; Leo Souzza,Sonho Dela,3,True
WEEK OF AUGUST 10; 2024,5,Gusttavo Lima,Morar Nesse Motel,1,False
WEEK OF AUGUST 10; 2024,6,Luan Santana ; Luan Pereira,Eu Sou Sentimento,2,True
WEEK OF AUGUST 10; 2024,7,Traia Veia E Luan Pereira,Wi-Fi,1,False
WEEK OF AUGUST 10; 2024,8,DJ Topo; MC Leozin ; Seu Jorge,MTG Quem Nao Quer Sou Eu,3,True
WEEK OF AUGUST 10; 2024,9,Sevdaliza; Pabllo Vittar ; Yseult,Alibi,3,True
WEEK OF AUGUST 10; 2024,10,MC LUUKY; MC Ryan SP; DJ Victor; Bolandin 211 ; MC Vine7,Sempre Na Simplicidade,5,True
WEEK OF AUGUST 10; 2024,11,Ze Neto  E  Cristiano ; Ana Castela,Foi Intenso,2,True
WEEK OF AUGUST 10; 2024,12,Murilo Huff E Gustavo Mioto,Me Caiu Tao Bem,1,False
WEEK OF AUGUST 10; 2024,13,Jorge  E  Mateus ; Lauana Prado,Havera Sinais,2,True
WEEK OF AUGUST 10; 2024,14,Lou Garcia,Nao Fosse Tao Tarde,1,False
WEEK OF AUGUST 10; 2024,15,Simone Mendes,Dois Tristes,1,False
WEEK OF AUGUST 10; 2024,16,Manu ; Guilherme ; Benuto,Torre Eiffel (Ao Vivo),3,True
WEEK OF AUGUST 10; 2024,17,Clayton  E  Romario,Aproveita,1,False
WEEK OF AUGUST 10; 2024,18,DJ SV - Manim Vaqueiro,MTG Forro E Desmantelo,1,False
WEEK OF AUGUST 10; 2024,19,Simone Mendes,Mulher Foda,1,False
WEEK OF AUGUST 10; 2024,20,Gloria Groove,Nosso Primeiro Beijo,1,False
WEEK OF AUGUST 10; 2024,21,Luisa Sonza ; KayBlack,Sagrado Profano,2,True
WEEK OF AUGUST 10; 2024,22,KayBlack ; Murillo e LT No Beat,Misterios,2,True
WEEK OF AUGUST 10; 2024,23,Hugo  E  Guilherme,Morena De Goiania,1,False
WEEK OF AUGUST 10; 2024,24,Ze Neto  E  Cristiano ; Luan Santana,Melacao,2,True
WEEK OF AUGUST 10; 2024,25,Jimin,Who,1,False
WEEK OF AUGUST 3; 2024,1,The Box: MC Brinquedo; MC Cebezinho; MC Tuto ; MC Laranjinha,The Box Medley Funk 2,4,True
WEEK OF AUGUST 3; 2024,2,Felipe  E  Rodrigo,Gosta de Rua,1,False
WEEK OF AUGUST 3; 2024,3,Matheus Fernandes ; Matheus E Kauan,Triplex,2,True
WEEK OF AUGUST 3; 2024,4,CountryBeat; Felix ; Leo Souzza,Sonho Dela,3,True
WEEK OF AUGUST 3; 2024,5,Sevdaliza; Pabllo Vittar ; Yseult,Alibi,3,True
WEEK OF AUGUST 3; 2024,6,Gusttavo Lima,Morar Nesse Motel,1,False
WEEK OF AUGUST 3; 2024,7,Luan Santana ; Luan Pereira,Eu Sou Sentimento,2,True
WEEK OF AUGUST 3; 2024,8,DJ Topo; MC Leozin ; Seu Jorge,MTG Quem Nao Quer Sou Eu,3,True
WEEK OF AUGUST 3; 2024,9,Ze Neto  E  Cristiano ; Ana Castela,Foi Intenso,2,True
WEEK OF AUGUST 3; 2024,10,Jorge  E  Mateus ; Lauana Prado,Havera Sinais,2,True
WEEK OF AUGUST 3; 2024,11,Luisa Sonza ; KayBlack,Sagrado Profano,2,True
WEEK OF AUGUST 3; 2024,12,DJ SV - Manim Vaqueiro,MTG Forro E Desmantelo,1,False
WEEK OF AUGUST 3; 2024,13,Simone Mendes,Dois Tristes,1,False
WEEK OF AUGUST 3; 2024,14,MC IG; MC Ryan SP; MC Poze do Rodo ; Oruam,Filha do Deputado,4,True
WEEK OF AUGUST 3; 2024,15,Murilo Huff E Gustavo Mioto,Me Caiu Tao Bem,1,False
WEEK OF AUGUST 3; 2024,16,Lou Garcia,Nao Fosse Tao Tarde,1,False
WEEK OF AUGUST 3; 2024,17,Gloria Groove,Nosso Primeiro Beijo,1,False
WEEK OF AUGUST 3; 2024,18,Hugo  E  Guilherme,Morena De Goiania,1,False
WEEK OF AUGUST 3; 2024,19,Clayton  E  Romario,Aproveita,1,False
WEEK OF AUGUST 3; 2024,20,Lauana Prado ; Ze Neto E Cristiano,Sombra Desconhecida,2,True
WEEK OF AUGUST 3; 2024,21,WIU,Rainha da Finesse,1,False
WEEK OF AUGUST 3; 2024,22,MC IG; Murillo e LT no Beat ; DJ Glenner,Sorriso No Rosto,3,True
WEEK OF AUGUST 3; 2024,23,DJ JZ; Humberto  E  Ronaldo; mc mininin ; Silvanno Salles,MTG Quero Te Encontrar,4,True
WEEK OF AUGUST 3; 2024,24,Luan Pereira ; Murilo Huff,Falta De Que?,2,True
WEEK OF AUGUST 3; 2024,25,Ze Neto  E  Cristiano ; Luan Santana,Melacao,2,True
WEEK OF JULY 27; 2024,1,The Box: MC Brinquedo; MC Cebezinho; MC Tuto ; MC Laranjinha,The Box Medley Funk 2,4,True
WEEK OF JULY 27; 2024,2,Felipe  E  Rodrigo,Gosta de Rua,1,False
WEEK OF JULY 27; 2024,3,Matheus Fernandes ; Matheus E Kauan,Triplex,2,True
WEEK OF JULY 27; 2024,4,CountryBeat; Felix ; Leo Souzza,Sonho Dela,3,True
WEEK OF JULY 27; 2024,5,DJ Topo; MC Leozin ; Seu Jorge,MTG Quem Nao Quer Sou Eu,3,True
WEEK OF JULY 27; 2024,6,Sevdaliza; Pabllo Vittar ; Yseult,Alibi,3,True
WEEK OF JULY 27; 2024,7,Gusttavo Lima,Morar Nesse Motel,1,False
WEEK OF JULY 27; 2024,8,Luan Santana ; Luan Pereira,Eu Sou Sentimento,2,True
WEEK OF JULY 27; 2024,9,Luisa Sonza ; KayBlack,Sagrado Profano,2,True
WEEK OF JULY 27; 2024,10,Ze Neto  E  Cristiano ; Ana Castela,Foi Intenso,2,True
WEEK OF JULY 27; 2024,11,DJ SV - Manim Vaqueiro,MTG Forro E Desmantelo,1,False
WEEK OF JULY 27; 2024,12,Jorge  E  Mateus ; Lauana Prado,Havera Sinais,2,True
WEEK OF JULY 27; 2024,13,Simone Mendes,Dois Tristes,1,False
WEEK OF JULY 27; 2024,14,MC IG; MC Ryan SP; MC Poze do Rodo ; Oruam,Filha do Deputado,4,True
WEEK OF JULY 27; 2024,15,Murilo Huff E Gustavo Mioto,Me Caiu Tao Bem,1,False
WEEK OF JULY 27; 2024,16,Gloria Groove,Nosso Primeiro Beijo,1,False
WEEK OF JULY 27; 2024,17,Lauana Prado ; Ze Neto E Cristiano,Sombra Desconhecida,2,True
WEEK OF JULY 27; 2024,18,MC IG; Murillo e LT no Beat ; DJ Glenner,Sorriso No Rosto,3,True
WEEK OF JULY 27; 2024,19,Ze Neto  E  Cristiano,Deu Moral,1,False
WEEK OF JULY 27; 2024,20,DJ JZ; Humberto  E  Ronaldo; mc mininin ; Silvanno Salles,MTG Quero Te Encontrar,4,True
WEEK OF JULY 27; 2024,21,Luan Pereira ; Murilo Huff,Falta De Que?,2,True
WEEK OF JULY 27; 2024,22,Hugo  E  Guilherme,Morena De Goiania,1,False
WEEK OF JULY 27; 2024,23,DJ Luan Gomes,MTG Quero Ver Se Voce Tem Atitude,1,False
WEEK OF JULY 27; 2024,24,Lou Garcia,Nao Fosse Tao Tarde,1,False
WEEK OF JULY 27; 2024,25,Clayton  E  Romario,Aproveita,1,False
WEEK OF JULY 20; 2024,1,Felipe  E  Rodrigo,Gosta de Rua,1,False
WEEK OF JULY 20; 2024,2,The Box: MC Brinquedo; MC Cebezinho; MC Tuto ; MC Laranjinha,The Box Medley Funk 2,4,True
WEEK OF JULY 20; 2024,3,DJ Topo; MC Leozin ; Seu Jorge,MTG Quem Nao Quer Sou Eu,3,True
WEEK OF JULY 20; 2024,4,CountryBeat; Felix ; Leo Souzza,Sonho Dela,3,True
WEEK OF JULY 20; 2024,5,Luisa Sonza ; KayBlack,Sagrado Profano,2,True
WEEK OF JULY 20; 2024,6,DJ SV - Manim Vaqueiro,MTG Forro E Desmantelo,1,False
WEEK OF JULY 20; 2024,7,Matheus Fernandes ; Matheus E Kauan,Triplex,2,True
WEEK OF JULY 20; 2024,8,Ze Neto  E  Cristiano ; Ana Castela,Foi Intenso,2,True
WEEK OF JULY 20; 2024,9,Luan Santana ; Luan Pereira,Eu Sou Sentimento,2,True
WEEK OF JULY 20; 2024,10,Bruno ; Marrone; Ze Felipe; MC Jacare ; Loirin Prod,Desilusao (MTG),5,True
WEEK OF JULY 20; 2024,11,MC IG; MC Ryan SP; MC Poze do Rodo ; Oruam,Filha do Deputado,4,True
WEEK OF JULY 20; 2024,12,DJ Luan Gomes,MTG Quero Ver Se Voce Tem Atitude,1,False
WEEK OF JULY 20; 2024,13,Jorge  E  Mateus ; Lauana Prado,Havera Sinais,2,True
WEEK OF JULY 20; 2024,14,Gusttavo Lima,Morar Nesse Motel,1,False
WEEK OF JULY 20; 2024,15,Simone Mendes,Dois Tristes,1,False
WEEK OF JULY 20; 2024,16,Sevdaliza; Pabllo Vittar ; Yseult,Alibi,3,True
WEEK OF JULY 20; 2024,17,MC IG; Murillo e LT no Beat ; DJ Glenner,Sorriso No Rosto,3,True
WEEK OF JULY 20; 2024,18,Ze Neto  E  Cristiano,Deu Moral,1,False
WEEK OF JULY 20; 2024,19,DJ JZ; Humberto  E  Ronaldo; mc mininin ; Silvanno Salles,MTG Quero Te Encontrar,4,True
WEEK OF JULY 20; 2024,20,Murilo Huff E Gustavo Mioto,Me Caiu Tao Bem,1,False
WEEK OF JULY 20; 2024,21,Luan Pereira ; Murilo Huff,Falta De Que?,2,True
WEEK OF JULY 20; 2024,22,Gloria Groove,Nosso Primeiro Beijo,1,False
WEEK OF JULY 20; 2024,23,Hugo  E  Guilherme,Morena De Goiania,1,False
WEEK OF JULY 20; 2024,24,Hugo  E  Guilherme,Vazou Na Braquiara,1,False
WEEK OF JULY 20; 2024,25,Murilo Huff,Anestesiado,1,False
WEEK OF JULY 13; 2024,1,Felipe  E  Rodrigo,Gosta de Rua,1,False
WEEK OF JULY 13; 2024,2,The Box: MC Brinquedo; MC Cebezinho; MC Tuto ; MC Laranjinha,The Box Medley Funk 2,4,True
WEEK OF JULY 13; 2024,3,DJ Topo; MC Leozin ; Seu Jorge,MTG Quem Nao Quer Sou Eu,3,True
WEEK OF JULY 13; 2024,4,Luisa Sonza ; KayBlack,Sagrado Profano,2,True
WEEK OF JULY 13; 2024,5,DJ SV - Manim Vaqueiro,MTG Forro E Desmantelo,1,False
WEEK OF JULY 13; 2024,6,CountryBeat; Felix ; Leo Souzza,Sonho Dela,3,True
WEEK OF JULY 13; 2024,7,MC IG; Murillo e LT no Beat ; DJ Glenner,Sorriso No Rosto,3,True
WEEK OF JULY 13; 2024,8,Ze Neto  E  Cristiano ; Ana Castela,Foi Intenso,2,True
WEEK OF JULY 13; 2024,9,DJ Luan Gomes,MTG Quero Ver Se Voce Tem Atitude,1,False
WEEK OF JULY 13; 2024,10,Matheus Fernandes ; Matheus E Kauan,Triplex,2,True
WEEK OF JULY 13; 2024,11,Simone Mendes,Dois Tristes,1,False
WEEK OF JULY 13; 2024,12,Luan Santana ; Luan Pereira,Eu Sou Sentimento,2,True
WEEK OF JULY 13; 2024,13,Jorge  E  Mateus ; Lauana Prado,Havera Sinais,2,True
WEEK OF JULY 13; 2024,14,DJ JZ; Humberto  E  Ronaldo; mc mininin ; Silvanno Salles,MTG Quero Te Encontrar,4,True
WEEK OF JULY 13; 2024,15,MC IG; MC Ryan SP; MC Poze do Rodo ; Oruam,Filha do Deputado,4,True
WEEK OF JULY 13; 2024,16,Sevdaliza; Pabllo Vittar ; Yseult,Alibi,3,True
WEEK OF JULY 13; 2024,17,Murilo Huff E Gustavo Mioto,Me Caiu Tao Bem,1,False
WEEK OF JULY 13; 2024,18,Luan Pereira ; Murilo Huff,Falta De Que?,2,True
WEEK OF JULY 13; 2024,19,Ze Neto  E  Cristiano,Deu Moral,1,False
WEEK OF JULY 13; 2024,20,DJ Vn Maestro ; MC G DS,Eu So Comi Ela Uma Vez,2,True
WEEK OF JULY 13; 2024,21,Hugo  E  Guilherme,Morena De Goiania,1,False
WEEK OF JULY 13; 2024,22,Gloria Groove,Nosso Primeiro Beijo,1,False
WEEK OF JULY 13; 2024,23,Gusttavo Lima,Morar Nesse Motel,1,False
WEEK OF JULY 13; 2024,24,Mari Fernandez,Pagina de Ex (Ao Vivo No RJ),1,False
WEEK OF JULY 13; 2024,25,Murilo Huff,Anestesiado,1,False
WEEK OF JULY 6; 2024,1,Felipe  E  Rodrigo,Gosta de Rua,1,False
WEEK OF JULY 6; 2024,2,DJ Topo; MC Leozin ; Seu Jorge,MTG Quem Nao Quer Sou Eu,3,True
WEEK OF JULY 6; 2024,3,DJ SV - Manim Vaqueiro,MTG Forro E Desmantelo,1,False
WEEK OF JULY 6; 2024,4,Luisa Sonza ; KayBlack,Sagrado Profano,2,True
WEEK OF JULY 6; 2024,5,The Box: MC Brinquedo; MC Cebezinho; MC Tuto ; MC Laranjinha,The Box Medley Funk 2,4,True
WEEK OF JULY 6; 2024,6,MC IG; Murillo e LT no Beat ; DJ Glenner,Sorriso No Rosto,3,True
WEEK OF JULY 6; 2024,7,DJ Luan Gomes,MTG Quero Ver Se Voce Tem Atitude,1,False
WEEK OF JULY 6; 2024,8,Luan Santana ; Luan Pereira,Eu Sou Sentimento,2,True
WEEK OF JULY 6; 2024,9,CountryBeat; Felix ; Leo Souzza,Sonho Dela,3,True
WEEK OF JULY 6; 2024,10,Ze Neto  E  Cristiano ; Ana Castela,Foi Intenso,2,True
WEEK OF JULY 6; 2024,11,Simone Mendes,Dois Tristes,1,False
WEEK OF JULY 6; 2024,12,DJ JZ; Humberto  E  Ronaldo; mc mininin ; Silvanno Salles,MTG Quero Te Encontrar,4,True
WEEK OF JULY 6; 2024,13,Luan Pereira ; Murilo Huff,Falta De Que?,2,True
WEEK OF JULY 6; 2024,14,Murilo Huff E Gustavo Mioto,Me Caiu Tao Bem,1,False
WEEK OF JULY 6; 2024,15,Jorge  E  Mateus ; Lauana Prado,Havera Sinais,2,True
WEEK OF JULY 6; 2024,16,Ze Neto  E  Cristiano,Deu Moral,1,False
WEEK OF JULY 6; 2024,17,Hugo  E  Guilherme,Morena De Goiania,1,False
WEEK OF JULY 6; 2024,18,DJ Vn Maestro ; MC G DS,Eu So Comi Ela Uma Vez,2,True
WEEK OF JULY 6; 2024,19,Gloria Groove,Nosso Primeiro Beijo,1,False
WEEK OF JULY 6; 2024,20,Murilo Huff,Anestesiado,1,False
WEEK OF JULY 6; 2024,21,Hugo  E  Guilherme,Vazou Na Braquiara,1,False
WEEK OF JULY 6; 2024,22,Ze Neto  E  Cristiano,Barulho Do Foguete,1,False
WEEK OF JULY 6; 2024,23,Kaka E Pedrinho,Piracao,1,False
WEEK OF JULY 6; 2024,24,DJ Zigao; DJ Lafon do MD; Rodrigo do CN ; MC RF,Te Maceto Depois Do Baile,4,True
WEEK OF JULY 6; 2024,25,L7nnon; MC Cabelinho; Palma ; HHR,Vamo Marolar,4,True
WEEK OF JUNE 29; 2024,1,DJ Topo; MC Leozin ; Seu Jorge,MTG Quem Nao Quer Sou Eu,3,True
WEEK OF JUNE 29; 2024,2,DJ SV - Manim Vaqueiro,MTG Forro E Desmantelo,1,False
WEEK OF JUNE 29; 2024,3,The Box: MC Brinquedo; MC Cebezinho; MC Tuto ; MC Laranjinha,The Box Medley Funk 2,4,True
WEEK OF JUNE 29; 2024,4,Luisa Sonza ; KayBlack,Sagrado Profano,2,True
WEEK OF JUNE 29; 2024,5,Felipe  E  Rodrigo,Gosta de Rua,1,False
WEEK OF JUNE 29; 2024,6,MC IG; Murillo e LT no Beat ; DJ Glenner,Sorriso No Rosto,3,True
WEEK OF JUNE 29; 2024,7,Luan Santana ; Luan Pereira,Eu Sou Sentimento,2,True
WEEK OF JUNE 29; 2024,8,Simone Mendes,Dois Tristes,1,False
WEEK OF JUNE 29; 2024,9,DJ Luan Gomes,MTG Quero Ver Se Voce Tem Atitude,1,False
WEEK OF JUNE 29; 2024,10,CountryBeat; Felix ; Leo Souzza,Sonho Dela,3,True
WEEK OF JUNE 29; 2024,11,Ze Neto  E  Cristiano ; Ana Castela,Foi Intenso,2,True
WEEK OF JUNE 29; 2024,12,Luan Pereira ; Murilo Huff,Falta De Que?,2,True
WEEK OF JUNE 29; 2024,13,DJ JZ; Humberto  E  Ronaldo; mc mininin ; Silvanno Salles,MTG Quero Te Encontrar,4,True
WEEK OF JUNE 29; 2024,14,Jorge  E  Mateus ; Lauana Prado,Havera Sinais,2,True
WEEK OF JUNE 29; 2024,15,Murilo Huff E Gustavo Mioto,Me Caiu Tao Bem,1,False
WEEK OF JUNE 29; 2024,16,Ze Neto  E  Cristiano,Deu Moral,1,False
WEEK OF JUNE 29; 2024,17,Murilo Huff,Anestesiado,1,False
WEEK OF JUNE 29; 2024,18,Gloria Groove,Nosso Primeiro Beijo,1,False
WEEK OF JUNE 29; 2024,19,Hugo  E  Guilherme,Vazou Na Braquiara,1,False
WEEK OF JUNE 29; 2024,20,Hugo  E  Guilherme,Morena De Goiania,1,False
WEEK OF JUNE 29; 2024,21,L7nnon; MC Cabelinho; Palma ; HHR,Vamo Marolar,4,True
WEEK OF JUNE 29; 2024,22,Ze Neto  E  Cristiano,Barulho Do Foguete,1,False
WEEK OF JUNE 29; 2024,23,Billie Eilish,Chihiro,1,False
WEEK OF JUNE 29; 2024,24,Thullio Milionario,Casca De Bala,1,False
WEEK OF JUNE 29; 2024,25,Lauana Prado,Me Leva Pra Casa/Escrito Nas Estrelas/Saudade (Ao Vivo),1,False
WEEK OF JUNE 22; 2024,1,DJ Topo; MC Leozin ; Seu Jorge,MTG Quem Nao Quer Sou Eu,3,True
WEEK OF JUNE 22; 2024,2,The Box: MC Brinquedo; MC Cebezinho; MC Tuto ; MC Laranjinha,The Box Medley Funk 2,4,True
WEEK OF JUNE 22; 2024,3,DJ SV - Manim Vaqueiro,MTG Forro E Desmantelo,1,False
WEEK OF JUNE 22; 2024,4,Felipe  E  Rodrigo,Gosta de Rua,1,False
WEEK OF JUNE 22; 2024,5,DJ Luan Gomes,MTG Quero Ver Se Voce Tem Atitude,1,False
WEEK OF JUNE 22; 2024,6,Simone Mendes,Dois Tristes,1,False
WEEK OF JUNE 22; 2024,7,Luisa Sonza ; KayBlack,Sagrado Profano,2,True
WEEK OF JUNE 22; 2024,8,MC IG; Murillo e LT no Beat ; DJ Glenner,Sorriso No Rosto,3,True
WEEK OF JUNE 22; 2024,9,Luan Pereira ; Murilo Huff,Falta De Que?,2,True
WEEK OF JUNE 22; 2024,10,CountryBeat; Felix ; Leo Souzza,Sonho Dela,3,True
WEEK OF JUNE 22; 2024,11,DJ JZ; Humberto  E  Ronaldo; mc mininin ; Silvanno Salles,MTG Quero Te Encontrar,4,True
WEEK OF JUNE 22; 2024,12,Ze Neto  E  Cristiano ; Ana Castela,Foi Intenso,2,True
WEEK OF JUNE 22; 2024,13,MC Dudu; DJ Ws da Igrejinha; DJ JOAO PEREIRA; Sk; MC TH DA SERRA ; DaLama,Nao Vou Namorar,6,True
WEEK OF JUNE 22; 2024,14,Jorge  E  Mateus ; Lauana Prado,Havera Sinais,2,True
WEEK OF JUNE 22; 2024,15,Ze Neto  E  Cristiano,Deu Moral,1,False
WEEK OF JUNE 22; 2024,16,L7nnon; MC Cabelinho; Palma ; HHR,Vamo Marolar,4,True
WEEK OF JUNE 22; 2024,17,Murilo Huff,Anestesiado,1,False
WEEK OF JUNE 22; 2024,18,Ze Neto  E  Cristiano,Barulho Do Foguete,1,False
WEEK OF JUNE 22; 2024,19,Luan Santana ; Luan Pereira,Eu Sou Sentimento,2,True
WEEK OF JUNE 22; 2024,20,Hugo  E  Guilherme,Morena De Goiania,1,False
WEEK OF JUNE 22; 2024,21,Hugo  E  Guilherme,Vazou Na Braquiara,1,False
WEEK OF JUNE 22; 2024,22,Thullio Milionario,Casca De Bala,1,False
WEEK OF JUNE 22; 2024,23,Billie Eilish,Chihiro,1,False
WEEK OF JUNE 22; 2024,24,Manu Bahtidao ; Simone Mendes,Daqui Pra Sempre,2,True
WEEK OF JUNE 22; 2024,25,Veigh; Nagalli ; KayBlack,Confissoes Pt2,3,True
WEEK OF JUNE 15; 2024,1,DJ Topo; MC Leozin ; Seu Jorge,MTG Quem Nao Quer Sou Eu,3,True
WEEK OF JUNE 15; 2024,2,Gustavo Moura ; Rafael,Digitando,2,True
WEEK OF JUNE 15; 2024,3,The Box: MC Brinquedo; MC Cebezinho; MC Tuto ; MC Laranjinha,The Box Medley Funk 2,4,True
WEEK OF JUNE 15; 2024,4,Simone Mendes,Dois Tristes,1,False
WEEK OF JUNE 15; 2024,5,Felipe  E  Rodrigo,Gosta de Rua,1,False
WEEK OF JUNE 15; 2024,6,Luan Pereira ; Murilo Huff,Falta De Que?,2,True
WEEK OF JUNE 15; 2024,7,Jorge  E  Mateus ; Lauana Prado,Havera Sinais,2,True
WEEK OF JUNE 15; 2024,8,Ze Neto  E  Cristiano ; Ana Castela,Foi Intenso,2,True
WEEK OF JUNE 15; 2024,9,DJ SV - Manim Vaqueiro,MTG Forro E Desmantelo,1,False
WEEK OF JUNE 15; 2024,10,DJ JZ; Humberto  E  Ronaldo; mc mininin ; Silvanno Salles,MTG Quero Te Encontrar,4,True
WEEK OF JUNE 15; 2024,11,MC Dudu; DJ Ws da Igrejinha; DJ JOAO PEREIRA; Sk; MC TH DA SERRA ; DaLama,Nao Vou Namorar,6,True
WEEK OF JUNE 15; 2024,12,CountryBeat; Felix ; Leo Souzza,Sonho Dela,3,True
WEEK OF JUNE 15; 2024,13,Ze Neto  E  Cristiano,Deu Moral,1,False
WEEK OF JUNE 15; 2024,14,L7nnon; MC Cabelinho; Palma ; HHR,Vamo Marolar,4,True
WEEK OF JUNE 15; 2024,15,MC IG; Murillo e LT no Beat ; DJ Glenner,Sorriso No Rosto,3,True
WEEK OF JUNE 15; 2024,16,Manu Bahtidao ; Simone Mendes,Daqui Pra Sempre,2,True
WEEK OF JUNE 15; 2024,17,Murilo Huff,Anestesiado,1,False
WEEK OF JUNE 15; 2024,18,Hugo  E  Guilherme,Vazou Na Braquiara,1,False
WEEK OF JUNE 15; 2024,19,Luisa Sonza ; KayBlack,Sagrado Profano,2,True
WEEK OF JUNE 15; 2024,20,Ze Neto  E  Cristiano,Barulho Do Foguete,1,False
WEEK OF JUNE 15; 2024,21,Veigh; Nagalli ; KayBlack,Confissoes Pt2,3,True
WEEK OF JUNE 15; 2024,22,Hugo  E  Guilherme,Morena De Goiania,1,False
WEEK OF JUNE 15; 2024,23,Thullio Milionario,Casca De Bala,1,False
WEEK OF JUNE 15; 2024,24,DJ Luan Gomes,MTG Quero Ver Se Voce Tem Atitude,1,False
WEEK OF JUNE 15; 2024,25,Lauana Prado,Me Leva Pra Casa/Escrito Nas Estrelas/Saudade (Ao Vivo),1,False
WEEK OF JUNE 8; 2024,1,DJ Topo; MC Leozin ; Seu Jorge,MTG Quem Nao Quer Sou Eu,3,True
WEEK OF JUNE 8; 2024,2,Gustavo Moura ; Rafael,Digitando,2,True
WEEK OF JUNE 8; 2024,3,Simone Mendes,Dois Tristes,1,False
WEEK OF JUNE 8; 2024,4,The Box: MC Brinquedo; MC Cebezinho; MC Tuto ; MC Laranjinha,The Box Medley Funk 2,4,True
WEEK OF JUNE 8; 2024,5,Felipe  E  Rodrigo,Gosta de Rua,1,False
WEEK OF JUNE 8; 2024,6,Jorge  E  Mateus ; Lauana Prado,Havera Sinais,2,True
WEEK OF JUNE 8; 2024,7,Ze Neto  E  Cristiano ; Ana Castela,Foi Intenso,2,True
WEEK OF JUNE 8; 2024,8,Luan Pereira ; Murilo Huff,Falta De Que?,2,True
WEEK OF JUNE 8; 2024,9,DJ JZ; Humberto  E  Ronaldo; mc mininin ; Silvanno Salles,MTG Quero Te Encontrar,4,True
WEEK OF JUNE 8; 2024,10,MC Dudu; DJ Ws da Igrejinha; DJ JOAO PEREIRA; Sk; MC TH DA SERRA ; DaLama,Nao Vou Namorar,6,True
WEEK OF JUNE 8; 2024,11,DJ SV - Manim Vaqueiro,MTG Forro E Desmantelo,1,False
WEEK OF JUNE 8; 2024,12,Ze Neto  E  Cristiano,Deu Moral,1,False
WEEK OF JUNE 8; 2024,13,L7nnon; MC Cabelinho; Palma ; HHR,Vamo Marolar,4,True
WEEK OF JUNE 8; 2024,14,Manu Bahtidao ; Simone Mendes,Daqui Pra Sempre,2,True
WEEK OF JUNE 8; 2024,15,Traia Veia ; Gusttavo Lima,Equivocada,2,True
WEEK OF JUNE 8; 2024,16,CountryBeat; Felix ; Leo Souzza,Sonho Dela,3,True
WEEK OF JUNE 8; 2024,17,Matheus ; Kauan,Nao Sei Se To Solteiro,2,True
WEEK OF JUNE 8; 2024,18,Hugo  E  Guilherme,Vazou Na Braquiara,1,False
WEEK OF JUNE 8; 2024,19,Hugo  E  Guilherme,Morena De Goiania,1,False
WEEK OF JUNE 8; 2024,20,Thiago ; Samuel,Amor Diferente,2,True
WEEK OF JUNE 8; 2024,21,Murilo Huff,Anestesiado,1,False
WEEK OF JUNE 8; 2024,22,Luan Pereira ; MC Daniel,Entra Na Defender,2,True
WEEK OF JUNE 8; 2024,23,Veigh; Nagalli ; KayBlack,Confissoes Pt2,3,True
WEEK OF JUNE 8; 2024,24,Thullio Milionario,Casca De Bala,1,False
WEEK OF JUNE 8; 2024,25,Simone Mendes,Dois Fugitivos,1,False
WEEK OF JUNE 1; 2024,1,Gustavo Moura ; Rafael,Digitando,2,True
WEEK OF JUNE 1; 2024,2,The Box: MC Brinquedo; MC Cebezinho; MC Tuto ; MC Laranjinha,The Box Medley Funk 2,4,True
WEEK OF JUNE 1; 2024,3,DJ Topo; MC Leozin ; Seu Jorge,MTG Quem Nao Quer Sou Eu,3,True
WEEK OF JUNE 1; 2024,4,Felipe  E  Rodrigo,Gosta de Rua,1,False
WEEK OF JUNE 1; 2024,5,Simone Mendes,Dois Tristes,1,False
WEEK OF JUNE 1; 2024,6,Jorge  E  Mateus ; Lauana Prado,Havera Sinais,2,True
WEEK OF JUNE 1; 2024,7,DJ JZ; Humberto  E  Ronaldo; mc mininin ; Silvanno Salles,MTG Quero Te Encontrar,4,True
WEEK OF JUNE 1; 2024,8,Ze Neto  E  Cristiano ; Ana Castela,Foi Intenso,2,True
WEEK OF JUNE 1; 2024,9,Luan Pereira ; MC Daniel,Entra Na Defender,2,True
WEEK OF JUNE 1; 2024,10,Ze Neto  E  Cristiano,Deu Moral,1,False
WEEK OF JUNE 1; 2024,11,MC Dudu; DJ Ws da Igrejinha; DJ JOAO PEREIRA; Sk; MC TH DA SERRA ; DaLama,Nao Vou Namorar,6,True
WEEK OF JUNE 1; 2024,12,L7nnon; MC Cabelinho; Palma ; HHR,Vamo Marolar,4,True
WEEK OF JUNE 1; 2024,13,DJ SV - Manim Vaqueiro,MTG Forro E Desmantelo,1,False
WEEK OF JUNE 1; 2024,14,Hugo  E  Guilherme,Morena De Goiania,1,False
WEEK OF JUNE 1; 2024,15,Billie Eilish,Lunch,1,False
WEEK OF JUNE 1; 2024,16,Luan Pereira ; Murilo Huff,Falta De Que?,2,True
WEEK OF JUNE 1; 2024,17,Hugo  E  Guilherme,Vazou Na Braquiara,1,False
WEEK OF JUNE 1; 2024,18,Ze Neto  E  Cristiano,Barulho Do Foguete,1,False
WEEK OF JUNE 1; 2024,19,Thullio Milionario,Casca De Bala,1,False
WEEK OF JUNE 1; 2024,20,Billie Eilish,Chihiro,1,False
WEEK OF JUNE 1; 2024,21,Murilo Huff,Anestesiado,1,False
WEEK OF JUNE 1; 2024,22,Manu Bahtidao ; Simone Mendes,Daqui Pra Sempre,2,True
WEEK OF JUNE 1; 2024,23,Ana Castela; Hungria ; Alok,Lua,3,True
WEEK OF JUNE 1; 2024,24,Traia Veia ; Gusttavo Lima,Equivocada,2,True
WEEK OF JUNE 1; 2024,25,CountryBeat; Felix ; Leo Souzza,Sonho Dela,3,True
WEEK OF MAY 25; 2024,1,Gustavo Moura ; Rafael,Digitando,2,True
WEEK OF MAY 25; 2024,2,The Box: MC Brinquedo; MC Cebezinho; MC Tuto ; MC Laranjinha,The Box Medley Funk 2,4,True
WEEK OF MAY 25; 2024,3,Felipe  E  Rodrigo,Gosta de Rua,1,False
WEEK OF MAY 25; 2024,4,DJ JZ; Humberto  E  Ronaldo; mc mininin ; Silvanno Salles,MTG Quero Te Encontrar,4,True
WEEK OF MAY 25; 2024,5,Ze Neto  E  Cristiano,Deu Moral,1,False
WEEK OF MAY 25; 2024,6,Jorge  E  Mateus ; Lauana Prado,Havera Sinais,2,True
WEEK OF MAY 25; 2024,7,Simone Mendes,Dois Tristes,1,False
WEEK OF MAY 25; 2024,8,Luan Pereira ; MC Daniel,Entra Na Defender,2,True
WEEK OF MAY 25; 2024,9,MC Dudu; DJ Ws da Igrejinha; DJ JOAO PEREIRA; Sk; MC TH DA SERRA ; DaLama,Nao Vou Namorar,6,True
WEEK OF MAY 25; 2024,10,L7nnon; MC Cabelinho; Palma ; HHR,Vamo Marolar,4,True
WEEK OF MAY 25; 2024,11,Ze Neto  E  Cristiano ; Ana Castela,Foi Intenso,2,True
WEEK OF MAY 25; 2024,12,Veigh; Nagalli ; KayBlack,Confissoes Pt2,3,True
WEEK OF MAY 25; 2024,13,Thullio Milionario,Casca De Bala,1,False
WEEK OF MAY 25; 2024,14,Ze Neto  E  Cristiano,Barulho Do Foguete,1,False
WEEK OF MAY 25; 2024,15,Hugo  E  Guilherme,Vazou Na Braquiara,1,False
WEEK OF MAY 25; 2024,16,Hugo  E  Guilherme,Morena De Goiania,1,False
WEEK OF MAY 25; 2024,17,Murilo Huff,Anestesiado,1,False
WEEK OF MAY 25; 2024,18,Lauana Prado,Me Leva Pra Casa/Escrito Nas Estrelas/Saudade (Ao Vivo),1,False
WEEK OF MAY 25; 2024,19,Manu Bahtidao ; Simone Mendes,Daqui Pra Sempre,2,True
WEEK OF MAY 25; 2024,20,Ana Castela; Hungria ; Alok,Lua,3,True
WEEK OF MAY 25; 2024,21,MC Paulin da Capital; MC Piedro; MC Ryan SP; MC Daniel; DJ WN ; DJ GM,Samba de Malandro,6,True
WEEK OF MAY 25; 2024,22,MC Saci Featuring mc pretchako,Aquariano Nato,1,False
WEEK OF MAY 25; 2024,23,DJ SV - Manim Vaqueiro,MTG Forro E Desmantelo,1,False
WEEK OF MAY 25; 2024,24,WIU ; Teto,Problemas de Um Milionario,2,True
WEEK OF MAY 25; 2024,25,Matheus ; Kauan,Nao Recomendo,2,True
WEEK OF MAY 18; 2024,1,Gustavo Moura ; Rafael,Digitando,2,True
WEEK OF MAY 18; 2024,2,DJ JZ; Humberto  E  Ronaldo; mc mininin ; Silvanno Salles,MTG Quero Te Encontrar,4,True
WEEK OF MAY 18; 2024,3,Felipe  E  Rodrigo,Gosta de Rua,1,False
WEEK OF MAY 18; 2024,4,Za Vaqueiro,Maravilhosa,1,False
WEEK OF MAY 18; 2024,5,The Box: MC Brinquedo; MC Cebezinho; MC Tuto ; MC Laranjinha,The Box Medley Funk 2,4,True
WEEK OF MAY 18; 2024,6,Jorge  E  Mateus ; Lauana Prado,Havera Sinais,2,True
WEEK OF MAY 18; 2024,7,Luan Pereira ; MC Daniel,Entra Na Defender,2,True
WEEK OF MAY 18; 2024,8,Veigh; Nagalli ; KayBlack,Confissoes Pt2,3,True
WEEK OF MAY 18; 2024,9,Simone Mendes,Dois Tristes,1,False
WEEK OF MAY 18; 2024,10,MC Dudu; DJ Ws da Igrejinha; DJ JOAO PEREIRA; Sk; MC TH DA SERRA ; DaLama,Nao Vou Namorar,6,True
WEEK OF MAY 18; 2024,11,Thullio Milionario,Casca De Bala,1,False
WEEK OF MAY 18; 2024,12,Ze Neto  E  Cristiano,Deu Moral,1,False
WEEK OF MAY 18; 2024,13,Ze Neto  E  Cristiano,Barulho Do Foguete,1,False
WEEK OF MAY 18; 2024,14,Hugo  E  Guilherme,Morena De Goiania,1,False
WEEK OF MAY 18; 2024,15,Hugo  E  Guilherme,Vazou Na Braquiara,1,False
WEEK OF MAY 18; 2024,16,L7nnon; MC Cabelinho; Palma ; HHR,Vamo Marolar,4,True
WEEK OF MAY 18; 2024,17,Matue ; MC Ryan SP,Filho da Noite,2,True
WEEK OF MAY 18; 2024,18,Bruhh Sua Bonequinha ; Dom Silver,Chorei Quando Me Disse Tchau,2,True
WEEK OF MAY 18; 2024,19,MC Paulin da Capital; MC Piedro; MC Ryan SP; MC Daniel; DJ WN ; DJ GM,Samba de Malandro,6,True
WEEK OF MAY 18; 2024,20,Murilo Huff,Anestesiado,1,False
WEEK OF MAY 18; 2024,21,Ana Castela; Hungria ; Alok,Lua,3,True
WEEK OF MAY 18; 2024,22,MC Saci Featuring mc pretchako,Aquariano Nato,1,False
WEEK OF MAY 18; 2024,23,WIU ; Teto,Problemas de Um Milionario,2,True
WEEK OF MAY 18; 2024,24,Lauana Prado,Me Leva Pra Casa/Escrito Nas Estrelas/Saudade (Ao Vivo),1,False
WEEK OF MAY 18; 2024,25,DENNIS; Ana Castela ; MC GW,Ram Tchum,3,True
WEEK OF MAY 11; 2024,1,Gustavo Moura ; Rafael,Digitando,2,True
WEEK OF MAY 11; 2024,2,Felipe  E  Rodrigo,Gosta de Rua,1,False
WEEK OF MAY 11; 2024,3,DJ JZ; Humberto  E  Ronaldo; mc mininin ; Silvanno Salles,MTG Quero Te Encontrar,4,True
WEEK OF MAY 11; 2024,4,Jorge  E  Mateus ; Lauana Prado,Havera Sinais,2,True
WEEK OF MAY 11; 2024,5,Luan Pereira ; MC Daniel,Entra Na Defender,2,True
WEEK OF MAY 11; 2024,6,Ze Neto  E  Cristiano,Deu Moral,1,False
WEEK OF MAY 11; 2024,7,Simone Mendes,Dois Tristes,1,False
WEEK OF MAY 11; 2024,8,Thullio Milionario,Casca De Bala,1,False
WEEK OF MAY 11; 2024,9,MC Dudu; DJ Ws da Igrejinha; DJ JOAO PEREIRA; Sk; MC TH DA SERRA ; DaLama,Nao Vou Namorar,6,True
WEEK OF MAY 11; 2024,10,Ze Neto  E  Cristiano,Barulho Do Foguete,1,False
WEEK OF MAY 11; 2024,11,Hugo  E  Guilherme,Morena De Goiania,1,False
WEEK OF MAY 11; 2024,12,DENNIS; Ana Castela ; MC GW,Ram Tchum,3,True
WEEK OF MAY 11; 2024,13,Veigh; Nagalli ; KayBlack,Confissoes Pt2,3,True
WEEK OF MAY 11; 2024,14,Za Vaqueiro,Maravilhosa,1,False
WEEK OF MAY 11; 2024,15,Hugo  E  Guilherme,Vazou Na Braquiara,1,False
WEEK OF MAY 11; 2024,16,MC Saci Featuring mc pretchako,Aquariano Nato,1,False
WEEK OF MAY 11; 2024,17,Ana Castela; Hungria ; Alok,Lua,3,True
WEEK OF MAY 11; 2024,18,Lauana Prado,Me Leva Pra Casa/Escrito Nas Estrelas/Saudade (Ao Vivo),1,False
WEEK OF MAY 11; 2024,19,Bruhh Sua Bonequinha ; Dom Silver,Chorei Quando Me Disse Tchau,2,True
WEEK OF MAY 11; 2024,20,WIU ; Teto,Problemas de Um Milionario,2,True
WEEK OF MAY 11; 2024,21,MC IG; MC Luki; MC GP; MC Ryan SP; MC PH; MC Poze do Rodo; TrapLaudo; Oruam; MC GH Do 7 ; MC Nego Micha,Diz Ai Qual E O Plano?,10,True
WEEK OF MAY 11; 2024,22,Manu Bahtidao ; Simone Mendes,Daqui Pra Sempre,2,True
WEEK OF MAY 11; 2024,23,MC Paulin da Capital; MC Piedro; MC Ryan SP; MC Daniel; DJ WN ; DJ GM,Samba de Malandro,6,True
WEEK OF MAY 11; 2024,24,Tz da Coronel Featuring Ryu The Runner,Qual E O Seu Desejo?,1,False
WEEK OF MAY 11; 2024,25,Murilo Huff,Anestesiado,1,False
WEEK OF MAY 4; 2024,1,Felipe  E  Rodrigo,Gosta de Rua,1,False
WEEK OF MAY 4; 2024,2,DJ JZ; Humberto  E  Ronaldo; mc mininin ; Silvanno Salles,MTG Quero Te Encontrar,4,True
WEEK OF MAY 4; 2024,3,Jorge  E  Mateus ; Lauana Prado,Havera Sinais,2,True
WEEK OF MAY 4; 2024,4,Luan Pereira ; MC Daniel,Entra Na Defender,2,True
WEEK OF MAY 4; 2024,5,Simone Mendes,Dois Tristes,1,False
WEEK OF MAY 4; 2024,6,Ze Neto  E  Cristiano,Barulho Do Foguete,1,False
WEEK OF MAY 4; 2024,7,Gustavo Moura ; Rafael,Digitando,2,True
WEEK OF MAY 4; 2024,8,Hugo  E  Guilherme,Morena De Goiania,1,False
WEEK OF MAY 4; 2024,9,MC IG; MC Luki; MC GP; MC Ryan SP; MC PH; MC Poze do Rodo; TrapLaudo; Oruam; MC GH Do 7 ; MC Nego Micha,Diz Ai Qual E O Plano?,10,True
WEEK OF MAY 4; 2024,10,MC Saci Featuring mc pretchako,Aquariano Nato,1,False
WEEK OF MAY 4; 2024,11,DENNIS; Ana Castela ; MC GW,Ram Tchum,3,True
WEEK OF MAY 4; 2024,12,Taylor Swift Featuring Post Malone,Fortnight,1,False
WEEK OF MAY 4; 2024,13,MC Dudu; DJ Ws da Igrejinha; DJ JOAO PEREIRA; Sk; MC TH DA SERRA ; DaLama,Nao Vou Namorar,6,True
WEEK OF MAY 4; 2024,14,Ze Neto  E  Cristiano,Deu Moral,1,False
WEEK OF MAY 4; 2024,15,Tz da Coronel Featuring Ryu The Runner,Qual E O Seu Desejo?,1,False
WEEK OF MAY 4; 2024,16,Ana Castela; Hungria ; Alok,Lua,3,True
WEEK OF MAY 4; 2024,17,Lauana Prado,Me Leva Pra Casa/Escrito Nas Estrelas/Saudade (Ao Vivo),1,False
WEEK OF MAY 4; 2024,18,Thullio Milionario,Casca De Bala,1,False
WEEK OF MAY 4; 2024,19,Murilo Huff,Anestesiado,1,False
WEEK OF MAY 4; 2024,20,Manu Bahtidao ; Simone Mendes,Daqui Pra Sempre,2,True
WEEK OF MAY 4; 2024,21,Hugo  E  Guilherme,Vazou Na Braquiara,1,False
WEEK OF MAY 4; 2024,22,MC PH; Borges; WIU; Pedro Lotto ; WEY,Tenho Que Me Decidir,5,True
WEEK OF MAY 4; 2024,23,MC Saci; mc pretchako; DJ LC ; DJ JOAO DA INESTAN,A Internet E Toxica,4,True
WEEK OF MAY 4; 2024,24,Tropa Do Bruxo; SMU; DJ Vitin Do PC; MC JF ; MC Nahara,Tum Ba Tum,5,True
WEEK OF MAY 4; 2024,25,MC Paulin da Capital; MC Piedro; MC Ryan SP; MC Daniel; DJ WN ; DJ GM,Samba de Malandro,6,True
WEEK OF APRIL 27; 2024,1,DJ JZ; Humberto  E  Ronaldo; mc mininin ; Silvanno Salles,MTG Quero Te Encontrar,4,True
WEEK OF APRIL 27; 2024,2,Felipe  E  Rodrigo,Gosta de Rua,1,False
WEEK OF APRIL 27; 2024,3,Jorge  E  Mateus ; Lauana Prado,Havera Sinais,2,True
WEEK OF APRIL 27; 2024,4,Luan Pereira ; MC Daniel,Entra Na Defender,2,True
WEEK OF APRIL 27; 2024,5,MC Saci Featuring mc pretchako,Aquariano Nato,1,False
WEEK OF APRIL 27; 2024,6,Ze Neto  E  Cristiano,Barulho Do Foguete,1,False
WEEK OF APRIL 27; 2024,7,MC IG; MC Luki; MC GP; MC Ryan SP; MC PH; MC Poze do Rodo; TrapLaudo; Oruam; MC GH Do 7 ; MC Nego Micha,Diz Ai Qual E O Plano?,10,True
WEEK OF APRIL 27; 2024,8,DENNIS; Ana Castela ; MC GW,Ram Tchum,3,True
WEEK OF APRIL 27; 2024,9,Hugo  E  Guilherme,Morena De Goiania,1,False
WEEK OF APRIL 27; 2024,10,Simone Mendes,Dois Tristes,1,False
WEEK OF APRIL 27; 2024,11,Tz da Coronel Featuring Ryu The Runner,Qual E O Seu Desejo?,1,False
WEEK OF APRIL 27; 2024,12,MC Saci; mc pretchako; DJ LC ; DJ JOAO DA INESTAN,A Internet E Toxica,4,True
WEEK OF APRIL 27; 2024,13,MC Saci; MC Fahah; DJ Sammer ; DJ LC,De 10 Mulher 11 E Maluca,4,True
WEEK OF APRIL 27; 2024,14,Lauana Prado,Me Leva Pra Casa/Escrito Nas Estrelas/Saudade (Ao Vivo),1,False
WEEK OF APRIL 27; 2024,15,Hugo  E  Guilherme,Vazou Na Braquiara,1,False
WEEK OF APRIL 27; 2024,16,MC PH; Borges; WIU; Pedro Lotto ; WEY,Tenho Que Me Decidir,5,True
WEEK OF APRIL 27; 2024,17,Murilo Huff,Anestesiado,1,False
WEEK OF APRIL 27; 2024,18,Ana Castela; Hungria ; Alok,Lua,3,True
WEEK OF APRIL 27; 2024,19,MC IG; MC Ryan SP ; MC PH Featuring DJ Glenner,"E Isso Bebe, Ta Certa!",3,True
WEEK OF APRIL 27; 2024,20,Manu Bahtidao ; Simone Mendes,Daqui Pra Sempre,2,True
WEEK OF APRIL 27; 2024,21,Matheus ; Kauan,Nao Recomendo,2,True
WEEK OF APRIL 27; 2024,22,MC Dudu; DJ Ws da Igrejinha; DJ JOAO PEREIRA; Sk; MC TH DA SERRA ; DaLama,Nao Vou Namorar,6,True
WEEK OF APRIL 27; 2024,23,Tropa Do Bruxo; SMU; DJ Vitin Do PC; MC JF ; MC Nahara,Tum Ba Tum,5,True
WEEK OF APRIL 27; 2024,24,Rj; DJ MK de Nitteroi; TR E MC Menor RV,Baby Eu Tava Na Rua Da Agua,3,True
WEEK OF APRIL 27; 2024,25,ArgoPlay; Ana Castela ; LUDMILLA,Dia de Fluxo,3,True
WEEK OF APRIL 20; 2024,1,DJ JZ; Humberto  E  Ronaldo; mc mininin ; Silvanno Salles,MTG Quero Te Encontrar,4,True
WEEK OF APRIL 20; 2024,2,Jorge  E  Mateus ; Lauana Prado,Havera Sinais,2,True
WEEK OF APRIL 20; 2024,3,MC Saci Featuring mc pretchako,Aquariano Nato,1,False
WEEK OF APRIL 20; 2024,4,MC IG; MC Luki; MC GP; MC Ryan SP; MC PH; MC Poze do Rodo; TrapLaudo; Oruam; MC GH Do 7 ; MC Nego Micha,Diz Ai Qual E O Plano?,10,True
WEEK OF APRIL 20; 2024,5,Luan Pereira ; MC Daniel,Entra Na Defender,2,True
WEEK OF APRIL 20; 2024,6,Nattan,Amor Na Praia,1,False
WEEK OF APRIL 20; 2024,7,DENNIS; Ana Castela ; MC GW,Ram Tchum,3,True
WEEK OF APRIL 20; 2024,8,Ze Neto  E  Cristiano,Barulho Do Foguete,1,False
WEEK OF APRIL 20; 2024,9,Tz da Coronel Featuring Ryu The Runner,Qual E O Seu Desejo?,1,False
WEEK OF APRIL 20; 2024,10,MC Saci; MC Fahah; DJ Sammer ; DJ LC,De 10 Mulher 11 E Maluca,4,True
WEEK OF APRIL 20; 2024,11,MC IG; MC Ryan SP ; MC PH Featuring DJ Glenner,"E Isso Bebe, Ta Certa!",3,True
WEEK OF APRIL 20; 2024,12,MC PH; Borges; WIU; Pedro Lotto ; WEY,Tenho Que Me Decidir,5,True
WEEK OF APRIL 20; 2024,13,Hugo  E  Guilherme,Vazou Na Braquiara,1,False
WEEK OF APRIL 20; 2024,14,Simone Mendes,Dois Tristes,1,False
WEEK OF APRIL 20; 2024,15,MC Saci; mc pretchako; DJ LC ; DJ JOAO DA INESTAN,A Internet E Toxica,4,True
WEEK OF APRIL 20; 2024,16,Ana Castela; Hungria ; Alok,Lua,3,True
WEEK OF APRIL 20; 2024,17,Matheus ; Kauan,Nao Recomendo,2,True
WEEK OF APRIL 20; 2024,18,Lauana Prado,Me Leva Pra Casa/Escrito Nas Estrelas/Saudade (Ao Vivo),1,False
WEEK OF APRIL 20; 2024,19,Murilo Huff,Anestesiado,1,False
WEEK OF APRIL 20; 2024,20,Rj; DJ MK de Nitteroi; TR E MC Menor RV,Baby Eu Tava Na Rua Da Agua,3,True
WEEK OF APRIL 20; 2024,21,Manu Bahtidao ; Simone Mendes,Daqui Pra Sempre,2,True
WEEK OF APRIL 20; 2024,22,Tropa Do Bruxo; SMU; DJ Vitin Do PC; MC JF ; MC Nahara,Tum Ba Tum,5,True
WEEK OF APRIL 20; 2024,23,Hugo  E  Guilherme,Morena De Goiania,1,False
WEEK OF APRIL 20; 2024,24,Oruam; Didi ; DJ LC da Roca Featuring MC K9; MC Smith ; Mainstreet,Role Na Favela De Nave,5,True
WEEK OF APRIL 20; 2024,25,Luan Santana EM Collab Com MC Kevin O Chris,Pega Escandaloso,1,False
WEEK OF APRIL 13; 2024,1,Jorge  E  Mateus ; Lauana Prado,Havera Sinais,2,True
WEEK OF APRIL 13; 2024,2,MC IG; MC Luki; MC GP; MC Ryan SP; MC PH; MC Poze do Rodo; TrapLaudo; Oruam; MC GH Do 7 ; MC Nego Micha,Diz Ai Qual E O Plano?,10,True
WEEK OF APRIL 13; 2024,3,Ze Neto  E  Cristiano,Barulho Do Foguete,1,False
WEEK OF APRIL 13; 2024,4,DENNIS; Ana Castela ; MC GW,Ram Tchum,3,True
WEEK OF APRIL 13; 2024,5,Tz da Coronel Featuring Ryu The Runner,Qual E O Seu Desejo?,1,False
WEEK OF APRIL 13; 2024,6,Lauana Prado,Me Leva Pra Casa/Escrito Nas Estrelas/Saudade (Ao Vivo),1,False
WEEK OF APRIL 13; 2024,7,MC IG; MC Ryan SP ; MC PH Featuring DJ Glenner,"E Isso Bebe, Ta Certa!",3,True
WEEK OF APRIL 13; 2024,8,MC Saci Featuring mc pretchako,Aquariano Nato,1,False
WEEK OF APRIL 13; 2024,9,Simone Mendes,Dois Tristes,1,False
WEEK OF APRIL 13; 2024,10,MC Saci; MC Fahah; DJ Sammer ; DJ LC,De 10 Mulher 11 E Maluca,4,True
WEEK OF APRIL 13; 2024,11,MC PH; Borges; WIU; Pedro Lotto ; WEY,Tenho Que Me Decidir,5,True
WEEK OF APRIL 13; 2024,12,Luan Pereira ; MC Daniel,Entra Na Defender,2,True
WEEK OF APRIL 13; 2024,13,Ana Castela; Hungria ; Alok,Lua,3,True
WEEK OF APRIL 13; 2024,14,Murilo Huff,Anestesiado,1,False
WEEK OF APRIL 13; 2024,15,Rj; DJ MK de Nitteroi; TR E MC Menor RV,Baby Eu Tava Na Rua Da Agua,3,True
WEEK OF APRIL 13; 2024,16,DJ JZ; Humberto  E  Ronaldo; mc mininin ; Silvanno Salles,MTG Quero Te Encontrar,4,True
WEEK OF APRIL 13; 2024,17,Tropa Do Bruxo; SMU; DJ Vitin Do PC; MC JF ; MC Nahara,Tum Ba Tum,5,True
WEEK OF APRIL 13; 2024,18,Hugo  E  Guilherme,Vazou Na Braquiara,1,False
WEEK OF APRIL 13; 2024,19,MC Saci; mc pretchako; DJ LC ; DJ JOAO DA INESTAN,A Internet E Toxica,4,True
WEEK OF APRIL 13; 2024,20,Oruam; Didi ; DJ LC da Roca Featuring MC K9; MC Smith ; Mainstreet,Role Na Favela De Nave,5,True
WEEK OF APRIL 13; 2024,21,Nattan,Amor Na Praia,1,False
WEEK OF APRIL 13; 2024,22,Manu Bahtidao ; Simone Mendes,Daqui Pra Sempre,2,True
WEEK OF APRIL 13; 2024,23,Matheus ; Kauan,Nao Recomendo,2,True
WEEK OF APRIL 13; 2024,24,Dilsinho ; Ana Castela,Passada de Mao,2,True
WEEK OF APRIL 13; 2024,25,ArgoPlay; Ana Castela ; LUDMILLA,Dia de Fluxo,3,True
WEEK OF APRIL 6; 2024,1,MC IG; MC Luki; MC GP; MC Ryan SP; MC PH; MC Poze do Rodo; TrapLaudo; Oruam; MC GH Do 7 ; MC Nego Micha,Diz Ai Qual E O Plano?,10,True
WEEK OF APRIL 6; 2024,2,Jefferson Moraes,Pessima Hora (In Goiania),1,False
WEEK OF APRIL 6; 2024,3,Tz da Coronel Featuring Ryu The Runner,Qual E O Seu Desejo?,1,False
WEEK OF APRIL 6; 2024,4,DENNIS; Ana Castela ; MC GW,Ram Tchum,3,True
WEEK OF APRIL 6; 2024,5,Jorge  E  Mateus ; Lauana Prado,Havera Sinais,2,True
WEEK OF APRIL 6; 2024,6,Ze Neto  E  Cristiano,Barulho Do Foguete,1,False
WEEK OF APRIL 6; 2024,7,Lauana Prado,Me Leva Pra Casa/Escrito Nas Estrelas/Saudade (Ao Vivo),1,False
WEEK OF APRIL 6; 2024,8,MC Saci Featuring mc pretchako,Aquariano Nato,1,False
WEEK OF APRIL 6; 2024,9,Murilo Huff,Anestesiado,1,False
WEEK OF APRIL 6; 2024,10,MC PH; Borges; WIU; Pedro Lotto ; WEY,Tenho Que Me Decidir,5,True
WEEK OF APRIL 6; 2024,11,Rj; DJ MK de Nitteroi; TR E MC Menor RV,Baby Eu Tava Na Rua Da Agua,3,True
WEEK OF APRIL 6; 2024,12,Ana Castela; Hungria ; Alok,Lua,3,True
WEEK OF APRIL 6; 2024,13,Simone Mendes,Dois Tristes,1,False
WEEK OF APRIL 6; 2024,14,MC Saci; MC Fahah; DJ Sammer ; DJ LC,De 10 Mulher 11 E Maluca,4,True
WEEK OF APRIL 6; 2024,15,Hugo  E  Guilherme,Vazou Na Braquiara,1,False
WEEK OF APRIL 6; 2024,16,Pedro Sampaio,Poc Poc,1,False
WEEK OF APRIL 6; 2024,17,Tropa Do Bruxo; SMU; DJ Vitin Do PC; MC JF ; MC Nahara,Tum Ba Tum,5,True
WEEK OF APRIL 6; 2024,18,MC IG; MC Ryan SP ; MC PH Featuring DJ Glenner,"E Isso Bebe, Ta Certa!",3,True
WEEK OF APRIL 6; 2024,19,Dilsinho ; Ana Castela,Passada de Mao,2,True
WEEK OF APRIL 6; 2024,20,Matheus ; Kauan,Nao Recomendo,2,True
WEEK OF APRIL 6; 2024,21,MC Saci; mc pretchako; DJ LC ; DJ JOAO DA INESTAN,A Internet E Toxica,4,True
WEEK OF APRIL 6; 2024,22,ArgoPlay; Ana Castela ; LUDMILLA,Dia de Fluxo,3,True
WEEK OF APRIL 6; 2024,23,Gusttavo Lima ; Ana Castela,Canudinho,2,True
WEEK OF APRIL 6; 2024,24,MC IG; MC Kevin; DJ WN Featuring MC PH,"Deus, Por Favor",3,True
WEEK OF APRIL 6; 2024,25,Oruam; Didi ; DJ LC da Roca Featuring MC K9; MC Smith ; Mainstreet,Role Na Favela De Nave,5,True
WEEK OF MARCH 30; 2024,1,Tz da Coronel Featuring Ryu The Runner,Qual E O Seu Desejo?,1,False
WEEK OF MARCH 30; 2024,2,MC IG; MC Luki; MC GP; MC Ryan SP; MC PH; MC Poze do Rodo; TrapLaudo; Oruam; MC GH Do 7 ; MC Nego Micha,Diz Ai Qual E O Plano?,10,True
WEEK OF MARCH 30; 2024,3,DENNIS; Ana Castela ; MC GW,Ram Tchum,3,True
WEEK OF MARCH 30; 2024,4,Ze Neto  E  Cristiano,Barulho Do Foguete,1,False
WEEK OF MARCH 30; 2024,5,Lauana Prado,Me Leva Pra Casa/Escrito Nas Estrelas/Saudade (Ao Vivo),1,False
WEEK OF MARCH 30; 2024,6,MC PH; Borges; WIU; Pedro Lotto ; WEY,Tenho Que Me Decidir,5,True
WEEK OF MARCH 30; 2024,7,Jorge  E  Mateus ; Lauana Prado,Havera Sinais,2,True
WEEK OF MARCH 30; 2024,8,Murilo Huff,Anestesiado,1,False
WEEK OF MARCH 30; 2024,9,Rj; DJ MK de Nitteroi; TR E MC Menor RV,Baby Eu Tava Na Rua Da Agua,3,True
WEEK OF MARCH 30; 2024,10,MC Saci Featuring mc pretchako,Aquariano Nato,1,False
WEEK OF MARCH 30; 2024,11,ArgoPlay; Ana Castela ; LUDMILLA,Dia de Fluxo,3,True
WEEK OF MARCH 30; 2024,12,Ana Castela; Hungria ; Alok,Lua,3,True
WEEK OF MARCH 30; 2024,13,Pedro Sampaio,Poc Poc,1,False
WEEK OF MARCH 30; 2024,14,Hugo  E  Guilherme,Vazou Na Braquiara,1,False
WEEK OF MARCH 30; 2024,15,Dilsinho ; Ana Castela,Passada de Mao,2,True
WEEK OF MARCH 30; 2024,16,Tropa Do Bruxo; SMU; DJ Vitin Do PC; MC JF ; MC Nahara,Tum Ba Tum,5,True
WEEK OF MARCH 30; 2024,17,Jefferson Moraes,Pessima Hora (In Goiania),1,False
WEEK OF MARCH 30; 2024,18,Oruam; Didi ; DJ LC da Roca Featuring MC K9; MC Smith ; Mainstreet,Role Na Favela De Nave,5,True
WEEK OF MARCH 30; 2024,19,Manu Bahtidao ; Simone Mendes,Daqui Pra Sempre,2,True
WEEK OF MARCH 30; 2024,20,Gusttavo Lima ; Ana Castela,Canudinho,2,True
WEEK OF MARCH 30; 2024,21,DJ GBR; MC IG; MC Ryan SP; MC PH; MC Davi; MC Luki; MC Don Juan; MC Kadu; Traplaudo; MC GP ; MC GH Do7,Let's Go 4,11,True
WEEK OF MARCH 30; 2024,22,Simone Mendes,Dois Tristes,1,False
WEEK OF MARCH 30; 2024,23,Murilo Huff,A Cerveja Abre Sozinha,1,False
WEEK OF MARCH 30; 2024,24,Matheus ; Kauan,Nao Recomendo,2,True
WEEK OF MARCH 30; 2024,25,MC Saci; mc pretchako; DJ LC ; DJ JOAO DA INESTAN,A Internet E Toxica,4,True
WEEK OF MARCH 23; 2024,1,Tz da Coronel Featuring Ryu The Runner,Qual E O Seu Desejo?,1,False
WEEK OF MARCH 23; 2024,2,Lauana Prado,Me Leva Pra Casa/Escrito Nas Estrelas/Saudade (Ao Vivo),1,False
WEEK OF MARCH 23; 2024,3,Ze Neto  E  Cristiano,Barulho Do Foguete,1,False
WEEK OF MARCH 23; 2024,4,MC PH; Borges; WIU; Pedro Lotto ; WEY,Tenho Que Me Decidir,5,True
WEEK OF MARCH 23; 2024,5,Ana Castela; Hungria ; Alok,Lua,3,True
WEEK OF MARCH 23; 2024,6,Rj; DJ MK de Nitteroi; TR E MC Menor RV,Baby Eu Tava Na Rua Da Agua,3,True
WEEK OF MARCH 23; 2024,7,MC IG; MC Luki; MC GP; MC Ryan SP; MC PH; MC Poze do Rodo; TrapLaudo; Oruam; MC GH Do 7 ; MC Nego Micha,Diz Ai Qual E O Plano?,10,True
WEEK OF MARCH 23; 2024,8,Murilo Huff,Anestesiado,1,False
WEEK OF MARCH 23; 2024,9,Jorge  E  Mateus ; Lauana Prado,Havera Sinais,2,True
WEEK OF MARCH 23; 2024,10,ArgoPlay; Ana Castela ; LUDMILLA,Dia de Fluxo,3,True
WEEK OF MARCH 23; 2024,11,Pedro Sampaio,Poc Poc,1,False
WEEK OF MARCH 23; 2024,12,DJ GBR; MC IG; MC Ryan SP; MC PH; MC Davi; MC Luki; MC Don Juan; MC Kadu; Traplaudo; MC GP ; MC GH Do7,Let's Go 4,11,True
WEEK OF MARCH 23; 2024,13,Dilsinho ; Ana Castela,Passada de Mao,2,True
WEEK OF MARCH 23; 2024,14,Hugo  E  Guilherme,Vazou Na Braquiara,1,False
WEEK OF MARCH 23; 2024,15,Oruam; Didi ; DJ LC da Roca Featuring MC K9; MC Smith ; Mainstreet,Role Na Favela De Nave,5,True
WEEK OF MARCH 23; 2024,16,Ariana Grande,We Can't Be Friends (Wait For Your Love),1,False
WEEK OF MARCH 23; 2024,17,Manu Bahtidao ; Simone Mendes,Daqui Pra Sempre,2,True
WEEK OF MARCH 23; 2024,18,DENNIS; Ana Castela ; MC GW,Ram Tchum,3,True
WEEK OF MARCH 23; 2024,19,Gusttavo Lima ; Ana Castela,Canudinho,2,True
WEEK OF MARCH 23; 2024,20,Jefferson Moraes,Pessima Hora (In Goiania),1,False
WEEK OF MARCH 23; 2024,21,MC Saci Featuring mc pretchako,Aquariano Nato,1,False
WEEK OF MARCH 23; 2024,22,Matheus ; Kauan,Nao Recomendo,2,True
WEEK OF MARCH 23; 2024,23,Parangole ; Leo Santana,Perna Bamba,2,True
WEEK OF MARCH 23; 2024,24,Murilo Huff,A Cerveja Abre Sozinha,1,False
WEEK OF MARCH 23; 2024,25,Grupo Menos E Mais ; Matheus Fernandes,Lapada Dela,2,True
WEEK OF MARCH 16; 2024,1,Lauana Prado,Me Leva Pra Casa/Escrito Nas Estrelas/Saudade (Ao Vivo),1,False
WEEK OF MARCH 16; 2024,2,Rj; DJ MK de Nitteroi; TR E MC Menor RV,Baby Eu Tava Na Rua Da Agua,3,True
WEEK OF MARCH 16; 2024,3,Tz da Coronel Featuring Ryu The Runner,Qual E O Seu Desejo?,1,False
WEEK OF MARCH 16; 2024,4,MC PH; Borges; WIU; Pedro Lotto ; WEY,Tenho Que Me Decidir,5,True
WEEK OF MARCH 16; 2024,5,Ana Castela; Hungria ; Alok,Lua,3,True
WEEK OF MARCH 16; 2024,6,Ze Neto  E  Cristiano,Barulho Do Foguete,1,False
WEEK OF MARCH 16; 2024,7,Pedro Sampaio,Poc Poc,1,False
WEEK OF MARCH 16; 2024,8,ArgoPlay; Ana Castela ; LUDMILLA,Dia de Fluxo,3,True
WEEK OF MARCH 16; 2024,9,DJ GBR; MC IG; MC Ryan SP; MC PH; MC Davi; MC Luki; MC Don Juan; MC Kadu; Traplaudo; MC GP ; MC GH Do7,Let's Go 4,11,True
WEEK OF MARCH 16; 2024,10,Gusttavo Lima ; Ana Castela,Canudinho,2,True
WEEK OF MARCH 16; 2024,11,Dilsinho ; Ana Castela,Passada de Mao,2,True
WEEK OF MARCH 16; 2024,12,Parangole ; Leo Santana,Perna Bamba,2,True
WEEK OF MARCH 16; 2024,13,Manu Bahtidao ; Simone Mendes,Daqui Pra Sempre,2,True
WEEK OF MARCH 16; 2024,14,Oruam; Didi ; DJ LC da Roca Featuring MC K9; MC Smith ; Mainstreet,Role Na Favela De Nave,5,True
WEEK OF MARCH 16; 2024,15,Murilo Huff,Anestesiado,1,False
WEEK OF MARCH 16; 2024,16,Hugo  E  Guilherme,Vazou Na Braquiara,1,False
WEEK OF MARCH 16; 2024,17,Grupo Menos E Mais ; Matheus Fernandes,Lapada Dela,2,True
WEEK OF MARCH 16; 2024,18,LUDMILLA,Maliciosa,1,False
WEEK OF MARCH 16; 2024,19,DJ WN; MC Hariel; MC Ryan SP; MC Paulin da Capital; MC Lipi; MC Vinny; Gabb MC; MC Kadu; MC Daniel; MC Gh do 7 ; Nog,Ritmista 1.0,11,True
WEEK OF MARCH 16; 2024,20,Ivete Sangalo ; LUDMILLA,Macetando,2,True
WEEK OF MARCH 16; 2024,21,Matheus ; Kauan,Nao Recomendo,2,True
WEEK OF MARCH 16; 2024,22,Murilo Huff,A Cerveja Abre Sozinha,1,False
WEEK OF MARCH 16; 2024,23,Jorge  E  Mateus ; Lauana Prado,Havera Sinais,2,True
WEEK OF MARCH 16; 2024,24,Borges; Veigh ; MC Cabelinho,Loucura,3,True
WEEK OF MARCH 16; 2024,25,Isadora Pompeo,Bencaos Que Nao Tem Fim (Counting My Blessings),1,False
WEEK OF MARCH 9; 2024,1,Rj; DJ MK de Nitteroi; TR E MC Menor RV,Baby Eu Tava Na Rua Da Agua,3,True
WEEK OF MARCH 9; 2024,2,MC PH; Borges; WIU; Pedro Lotto ; WEY,Tenho Que Me Decidir,5,True
WEEK OF MARCH 9; 2024,3,Lauana Prado,Me Leva Pra Casa/Escrito Nas Estrelas/Saudade (Ao Vivo),1,False
WEEK OF MARCH 9; 2024,4,Pedro Sampaio,Poc Poc,1,False
WEEK OF MARCH 9; 2024,5,Ze Neto  E  Cristiano,Barulho Do Foguete,1,False
WEEK OF MARCH 9; 2024,6,DJ GBR; MC IG; MC Ryan SP; MC PH; MC Davi; MC Luki; MC Don Juan; MC Kadu; Traplaudo; MC GP ; MC GH Do7,Let's Go 4,11,True
WEEK OF MARCH 9; 2024,7,Parangole ; Leo Santana,Perna Bamba,2,True
WEEK OF MARCH 9; 2024,8,Gusttavo Lima ; Ana Castela,Canudinho,2,True
WEEK OF MARCH 9; 2024,9,Ana Castela; Hungria ; Alok,Lua,3,True
WEEK OF MARCH 9; 2024,10,ArgoPlay; Ana Castela ; LUDMILLA,Dia de Fluxo,3,True
WEEK OF MARCH 9; 2024,11,Dilsinho ; Ana Castela,Passada de Mao,2,True
WEEK OF MARCH 9; 2024,12,Murilo Huff,Anestesiado,1,False
WEEK OF MARCH 9; 2024,13,Ivete Sangalo ; LUDMILLA,Macetando,2,True
WEEK OF MARCH 9; 2024,14,Manu Bahtidao ; Simone Mendes,Daqui Pra Sempre,2,True
WEEK OF MARCH 9; 2024,15,LUDMILLA,Maliciosa,1,False
WEEK OF MARCH 9; 2024,16,Grupo Menos E Mais ; Matheus Fernandes,Lapada Dela,2,True
WEEK OF MARCH 9; 2024,17,Luan ; Ana Castela,Deja Vu,2,True
WEEK OF MARCH 9; 2024,18,Hugo  E  Guilherme,Vazou Na Braquiara,1,False
WEEK OF MARCH 9; 2024,19,Matheus ; Kauan,Nao Recomendo,2,True
WEEK OF MARCH 9; 2024,20,Gusttavo Lima ; Matheus ; Kauan,Mala Dos Porta Mala,3,True
WEEK OF MARCH 9; 2024,21,DJ WN; MC Hariel; MC Ryan SP; MC Paulin da Capital; MC Lipi; MC Vinny; Gabb MC; MC Kadu; MC Daniel; MC Gh do 7 ; Nog,Ritmista 1.0,11,True
WEEK OF MARCH 9; 2024,22,Isadora Pompeo,Bencaos Que Nao Tem Fim (Counting My Blessings),1,False
WEEK OF MARCH 9; 2024,23,Borges; Veigh ; MC Cabelinho,Loucura,3,True
WEEK OF MARCH 9; 2024,24,Ana Castela ; Gustavo Mioto,Fronteira,2,True
WEEK OF MARCH 9; 2024,25,Oruam; Didi ; DJ LC da Roca Featuring MC K9; MC Smith ; Mainstreet,Role Na Favela De Nave,5,True
WEEK OF MARCH 2; 2024,1,Parangole ; Leo Santana,Perna Bamba,2,True
WEEK OF MARCH 2; 2024,2,MC PH; Borges; WIU; Pedro Lotto ; WEY,Tenho Que Me Decidir,5,True
WEEK OF MARCH 2; 2024,3,Lauana Prado,Me Leva Pra Casa/Escrito Nas Estrelas/Saudade (Ao Vivo),1,False
WEEK OF MARCH 2; 2024,4,Pedro Sampaio,Poc Poc,1,False
WEEK OF MARCH 2; 2024,5,Rj; DJ MK de Nitteroi; TR E MC Menor RV,Baby Eu Tava Na Rua Da Agua,3,True
WEEK OF MARCH 2; 2024,6,Ivete Sangalo ; LUDMILLA,Macetando,2,True
WEEK OF MARCH 2; 2024,7,DJ GBR; MC IG; MC Ryan SP; MC PH; MC Davi; MC Luki; MC Don Juan; MC Kadu; Traplaudo; MC GP ; MC GH Do7,Let's Go 4,11,True
WEEK OF MARCH 2; 2024,8,ArgoPlay; Ana Castela ; LUDMILLA,Dia de Fluxo,3,True
WEEK OF MARCH 2; 2024,9,Ze Neto  E  Cristiano,Barulho Do Foguete,1,False
WEEK OF MARCH 2; 2024,10,Gusttavo Lima ; Ana Castela,Canudinho,2,True
WEEK OF MARCH 2; 2024,11,Manu Bahtidao ; Simone Mendes,Daqui Pra Sempre,2,True
WEEK OF MARCH 2; 2024,12,Matheus ; Kauan,Nao Recomendo,2,True
WEEK OF MARCH 2; 2024,13,Hugo  E  Guilherme,Vazou Na Braquiara,1,False
WEEK OF MARCH 2; 2024,14,Luan ; Ana Castela,Deja Vu,2,True
WEEK OF MARCH 2; 2024,15,Grupo Menos E Mais ; Matheus Fernandes,Lapada Dela,2,True
WEEK OF MARCH 2; 2024,16,Borges; Veigh ; MC Cabelinho,Loucura,3,True
WEEK OF MARCH 2; 2024,17,Dilsinho ; Ana Castela,Passada de Mao,2,True
WEEK OF MARCH 2; 2024,18,Gusttavo Lima + Mari Fernandez,30 Cadeados (Ao Vivo),1,False
WEEK OF MARCH 2; 2024,19,Murilo Huff,Anestesiado,1,False
WEEK OF MARCH 2; 2024,20,Isadora Pompeo,Bencaos Que Nao Tem Fim (Counting My Blessings),1,False
WEEK OF MARCH 2; 2024,21,DJ WN; MC Hariel; MC Ryan SP; MC Paulin da Capital; MC Lipi; MC Vinny; Gabb MC; MC Kadu; MC Daniel; MC Gh do 7 ; Nog,Ritmista 1.0,11,True
WEEK OF MARCH 2; 2024,22,Ana Castela ; Gustavo Mioto,Fronteira,2,True
WEEK OF MARCH 2; 2024,23,Ana Castela; Hungria ; Alok,Lua,3,True
WEEK OF MARCH 2; 2024,24,LUDMILLA,Maliciosa,1,False
WEEK OF MARCH 2; 2024,25,Simone Mendes,Erro Gostoso,1,False
WEEK OF FEBRUARY 24; 2024,1,Ivete Sangalo ; LUDMILLA,Macetando,2,True
WEEK OF FEBRUARY 24; 2024,2,Parangole ; Leo Santana,Perna Bamba,2,True
WEEK OF FEBRUARY 24; 2024,3,Pedro Sampaio,Poc Poc,1,False
WEEK OF FEBRUARY 24; 2024,4,Lauana Prado,Me Leva Pra Casa/Escrito Nas Estrelas/Saudade (Ao Vivo),1,False
WEEK OF FEBRUARY 24; 2024,5,ArgoPlay; Ana Castela ; LUDMILLA,Dia de Fluxo,3,True
WEEK OF FEBRUARY 24; 2024,6,Rj; DJ MK de Nitteroi; TR E MC Menor RV,Baby Eu Tava Na Rua Da Agua,3,True
WEEK OF FEBRUARY 24; 2024,7,Ze Neto  E  Cristiano,Barulho Do Foguete,1,False
WEEK OF FEBRUARY 24; 2024,8,DJ GBR; MC IG; MC Ryan SP; MC PH; MC Davi; MC Luki; MC Don Juan; MC Kadu; Traplaudo; MC GP ; MC GH Do7,Let's Go 4,11,True
WEEK OF FEBRUARY 24; 2024,9,Manu Bahtidao ; Simone Mendes,Daqui Pra Sempre,2,True
WEEK OF FEBRUARY 24; 2024,10,MC PH; Borges; WIU; Pedro Lotto ; WEY,Tenho Que Me Decidir,5,True
WEEK OF FEBRUARY 24; 2024,11,Gusttavo Lima ; Ana Castela,Canudinho,2,True
WEEK OF FEBRUARY 24; 2024,12,Grupo Menos E Mais ; Matheus Fernandes,Lapada Dela,2,True
WEEK OF FEBRUARY 24; 2024,13,Hugo  E  Guilherme,Vazou Na Braquiara,1,False
WEEK OF FEBRUARY 24; 2024,14,Leo Santana ; Ze Felipe,Cama Repetida,2,True
WEEK OF FEBRUARY 24; 2024,15,Luan ; Ana Castela,Deja Vu,2,True
WEEK OF FEBRUARY 24; 2024,16,Henry Freitas ; Andrezin Araujo,Tem Cafe,2,True
WEEK OF FEBRUARY 24; 2024,17,Anitta; PEDRO SAMPAIO ; DENNIS,Joga Pra Lua (Feat. Dennis Dj),3,True
WEEK OF FEBRUARY 24; 2024,18,MC Ws da Leste; MC Chothie E DJ Chadin Do C,Tipo Hollywood,2,True
WEEK OF FEBRUARY 24; 2024,19,Ana Castela ; Gustavo Mioto,Fronteira,2,True
WEEK OF FEBRUARY 24; 2024,20,Matheus ; Kauan,Nao Recomendo,2,True
WEEK OF FEBRUARY 24; 2024,21,Gusttavo Lima + Mari Fernandez,30 Cadeados (Ao Vivo),1,False
WEEK OF FEBRUARY 24; 2024,22,Simone Mendes,Erro Gostoso,1,False
WEEK OF FEBRUARY 24; 2024,23,Clayton  E  Romario,Morena (Ao Vivo Em Barsilia),1,False
WEEK OF FEBRUARY 24; 2024,24,Borges; Veigh ; MC Cabelinho,Loucura,3,True
WEEK OF FEBRUARY 24; 2024,25,Murilo Huff,Anestesiado,1,False
WEEK OF FEBRUARY 17; 2024,1,Lauana Prado,Me Leva Pra Casa/Escrito Nas Estrelas/Saudade (Ao Vivo),1,False
WEEK OF FEBRUARY 17; 2024,2,Pedro Sampaio,Poc Poc,1,False
WEEK OF FEBRUARY 17; 2024,3,Luan ; Ana Castela,Deja Vu,2,True
WEEK OF FEBRUARY 17; 2024,4,DJ GBR; MC IG; MC Ryan SP; MC PH; MC Davi; MC Luki; MC Don Juan; MC Kadu; Traplaudo; MC GP ; MC GH Do7,Let's Go 4,11,True
WEEK OF FEBRUARY 17; 2024,5,Ivete Sangalo ; LUDMILLA,Macetando,2,True
WEEK OF FEBRUARY 17; 2024,6,Ze Neto  E  Cristiano,Barulho Do Foguete,1,False
WEEK OF FEBRUARY 17; 2024,7,Manu Bahtidao ; Simone Mendes,Daqui Pra Sempre,2,True
WEEK OF FEBRUARY 17; 2024,8,ArgoPlay; Ana Castela ; LUDMILLA,Dia de Fluxo,3,True
WEEK OF FEBRUARY 17; 2024,9,Rj; DJ MK de Nitteroi; TR E MC Menor RV,Baby Eu Tava Na Rua Da Agua,3,True
WEEK OF FEBRUARY 17; 2024,10,Parangole ; Leo Santana,Perna Bamba,2,True
WEEK OF FEBRUARY 17; 2024,11,MC PH; Borges; WIU; Pedro Lotto ; WEY,Tenho Que Me Decidir,5,True
WEEK OF FEBRUARY 17; 2024,12,Gusttavo Lima ; Ana Castela,Canudinho,2,True
WEEK OF FEBRUARY 17; 2024,13,Hugo  E  Guilherme,Vazou Na Braquiara,1,False
WEEK OF FEBRUARY 17; 2024,14,Borges; Veigh ; MC Cabelinho,Loucura,3,True
WEEK OF FEBRUARY 17; 2024,15,Grupo Menos E Mais ; Matheus Fernandes,Lapada Dela,2,True
WEEK OF FEBRUARY 17; 2024,16,Ana Castela ; Gustavo Mioto,Fronteira,2,True
WEEK OF FEBRUARY 17; 2024,17,Murilo Huff,Anestesiado,1,False
WEEK OF FEBRUARY 17; 2024,18,Matheus ; Kauan,Nao Recomendo,2,True
WEEK OF FEBRUARY 17; 2024,19,Leo Santana ; Ze Felipe,Cama Repetida,2,True
WEEK OF FEBRUARY 17; 2024,20,Guilherme ; Benuto ; Simone Mendes,Manda Um Oi,3,True
WEEK OF FEBRUARY 17; 2024,21,Chefin,10 Carros,1,False
WEEK OF FEBRUARY 17; 2024,22,Ana Castela,Solteiro Forcado,1,False
WEEK OF FEBRUARY 17; 2024,23,Simone Mendes,Erro Gostoso,1,False
WEEK OF FEBRUARY 17; 2024,24,MC Ws da Leste; MC Chothie E DJ Chadin Do C,Tipo Hollywood,2,True
WEEK OF FEBRUARY 17; 2024,25,Tropa do Bruxo; DJ Ws da Igrejinha; SMU; Triz ; MC Menor Thalis,Baile do Bruxo,5,True
WEEK OF FEBRUARY 10; 2024,1,Lauana Prado,Me Leva Pra Casa/Escrito Nas Estrelas/Saudade (Ao Vivo),1,False
WEEK OF FEBRUARY 10; 2024,2,Luan ; Ana Castela,Deja Vu,2,True
WEEK OF FEBRUARY 10; 2024,3,DJ GBR; MC IG; MC Ryan SP; MC PH; MC Davi; MC Luki; MC Don Juan; MC Kadu; Traplaudo; MC GP ; MC GH Do7,Let's Go 4,11,True
WEEK OF FEBRUARY 10; 2024,4,Pedro Sampaio,Poc Poc,1,False
WEEK OF FEBRUARY 10; 2024,5,Manu Bahtidao ; Simone Mendes,Daqui Pra Sempre,2,True
WEEK OF FEBRUARY 10; 2024,6,Ze Neto  E  Cristiano,Barulho Do Foguete,1,False
WEEK OF FEBRUARY 10; 2024,7,MC PH; Borges; WIU; Pedro Lotto ; WEY,Tenho Que Me Decidir,5,True
WEEK OF FEBRUARY 10; 2024,8,Gusttavo Lima ; Ana Castela,Canudinho,2,True
WEEK OF FEBRUARY 10; 2024,9,ArgoPlay; Ana Castela ; LUDMILLA,Dia de Fluxo,3,True
WEEK OF FEBRUARY 10; 2024,10,Ivete Sangalo ; LUDMILLA,Macetando,2,True
WEEK OF FEBRUARY 10; 2024,11,Ana Castela ; Gustavo Mioto,Fronteira,2,True
WEEK OF FEBRUARY 10; 2024,12,Grupo Menos E Mais ; Matheus Fernandes,Lapada Dela,2,True
WEEK OF FEBRUARY 10; 2024,13,Borges; Veigh ; MC Cabelinho,Loucura,3,True
WEEK OF FEBRUARY 10; 2024,14,Guilherme ; Benuto ; Simone Mendes,Manda Um Oi,3,True
WEEK OF FEBRUARY 10; 2024,15,Chefin,10 Carros,1,False
WEEK OF FEBRUARY 10; 2024,16,Luan Pereira; MC Daniel ; MC Ryan SP,Dentro da Hilux,3,True
WEEK OF FEBRUARY 10; 2024,17,Murilo Huff,Anestesiado,1,False
WEEK OF FEBRUARY 10; 2024,18,Simone Mendes,Erro Gostoso,1,False
WEEK OF FEBRUARY 10; 2024,19,Ana Castela,Solteiro Forcado,1,False
WEEK OF FEBRUARY 10; 2024,20,Isadora Pompeo,Bencaos Que Nao Tem Fim (Counting My Blessings),1,False
WEEK OF FEBRUARY 10; 2024,21,Rj; DJ MK de Nitteroi; TR E MC Menor RV,Baby Eu Tava Na Rua Da Agua,3,True
WEEK OF FEBRUARY 10; 2024,22,Tropa do Bruxo; DJ Ws da Igrejinha; SMU; Triz ; MC Menor Thalis,Baile do Bruxo,5,True
WEEK OF FEBRUARY 10; 2024,23,Hugo  E  Guilherme,Vazou Na Braquiara,1,False
WEEK OF FEBRUARY 10; 2024,24,Simone Mendes,Dois Fugitivos,1,False
WEEK OF FEBRUARY 10; 2024,25,Matheus ; Kauan,Nao Recomendo,2,True
WEEK OF FEBRUARY 3; 2024,1,Lauana Prado,Me Leva Pra Casa/Escrito Nas Estrelas/Saudade (Ao Vivo),1,False
WEEK OF FEBRUARY 3; 2024,2,Luan ; Ana Castela,Deja Vu,2,True
WEEK OF FEBRUARY 3; 2024,3,Pedro Sampaio,Poc Poc,1,False
WEEK OF FEBRUARY 3; 2024,4,Manu Bahtidao ; Simone Mendes,Daqui Pra Sempre,2,True
WEEK OF FEBRUARY 3; 2024,5,DJ GBR; MC IG; MC Ryan SP; MC PH; MC Davi; MC Luki; MC Don Juan; MC Kadu; Traplaudo; MC GP ; MC GH Do7,Let's Go 4,11,True
WEEK OF FEBRUARY 3; 2024,6,Ze Neto  E  Cristiano,Barulho Do Foguete,1,False
WEEK OF FEBRUARY 3; 2024,7,MC PH; Borges; WIU; Pedro Lotto ; WEY,Tenho Que Me Decidir,5,True
WEEK OF FEBRUARY 3; 2024,8,Gusttavo Lima ; Ana Castela,Canudinho,2,True
WEEK OF FEBRUARY 3; 2024,9,Grupo Menos E Mais ; Matheus Fernandes,Lapada Dela,2,True
WEEK OF FEBRUARY 3; 2024,10,Guilherme ; Benuto ; Simone Mendes,Manda Um Oi,3,True
WEEK OF FEBRUARY 3; 2024,11,Chefin,10 Carros,1,False
WEEK OF FEBRUARY 3; 2024,12,Ana Castela ; Gustavo Mioto,Fronteira,2,True
WEEK OF FEBRUARY 3; 2024,13,Isadora Pompeo,Bencaos Que Nao Tem Fim (Counting My Blessings),1,False
WEEK OF FEBRUARY 3; 2024,14,Simone Mendes,Erro Gostoso,1,False
WEEK OF FEBRUARY 3; 2024,15,Borges; Veigh ; MC Cabelinho,Loucura,3,True
WEEK OF FEBRUARY 3; 2024,16,Ana Castela,Solteiro Forcado,1,False
WEEK OF FEBRUARY 3; 2024,17,Tropa do Bruxo; DJ Ws da Igrejinha; SMU; Triz ; MC Menor Thalis,Baile do Bruxo,5,True
WEEK OF FEBRUARY 3; 2024,18,Luan Pereira; MC Daniel ; MC Ryan SP,Dentro da Hilux,3,True
WEEK OF FEBRUARY 3; 2024,19,ArgoPlay; Ana Castela ; LUDMILLA,Dia de Fluxo,3,True
WEEK OF FEBRUARY 3; 2024,20,Simone Mendes,Dois Fugitivos,1,False
WEEK OF FEBRUARY 3; 2024,21,Murilo Huff,Anestesiado,1,False
WEEK OF FEBRUARY 3; 2024,22,Kevin O Chris ; DJ Nk Da Serra,Faz Um Vuk Vuk (Teto Espelhado),2,True
WEEK OF FEBRUARY 3; 2024,23,Leo Santana ; Ze Felipe,Cama Repetida,2,True
WEEK OF FEBRUARY 3; 2024,24,Grego E Paulo Pires,Pane No Sistema,1,False
WEEK OF FEBRUARY 3; 2024,25,Marilia Mendonca,Leao,1,False
WEEK OF JANUARY 27; 2024,1,Luan ; Ana Castela,Deja Vu,2,True
WEEK OF JANUARY 27; 2024,2,Lauana Prado,Me Leva Pra Casa/Escrito Nas Estrelas/Saudade (Ao Vivo),1,False
WEEK OF JANUARY 27; 2024,3,DJ GBR; MC IG; MC Ryan SP; MC PH; MC Davi; MC Luki; MC Don Juan; MC Kadu; Traplaudo; MC GP ; MC GH Do7,Let's Go 4,11,True
WEEK OF JANUARY 27; 2024,4,Manu Bahtidao ; Simone Mendes,Daqui Pra Sempre,2,True
WEEK OF JANUARY 27; 2024,5,Gusttavo Lima ; Ana Castela,Canudinho,2,True
WEEK OF JANUARY 27; 2024,6,Ze Neto  E  Cristiano,Barulho Do Foguete,1,False
WEEK OF JANUARY 27; 2024,7,Pedro Sampaio,Poc Poc,1,False
WEEK OF JANUARY 27; 2024,8,MC PH; Borges; WIU; Pedro Lotto ; WEY,Tenho Que Me Decidir,5,True
WEEK OF JANUARY 27; 2024,9,Grupo Menos E Mais ; Matheus Fernandes,Lapada Dela,2,True
WEEK OF JANUARY 27; 2024,10,Guilherme ; Benuto ; Simone Mendes,Manda Um Oi,3,True
WEEK OF JANUARY 27; 2024,11,Chefin,10 Carros,1,False
WEEK OF JANUARY 27; 2024,12,Ana Castela ; Gustavo Mioto,Fronteira,2,True
WEEK OF JANUARY 27; 2024,13,Ariana Grande,"Yes, And?",1,False
WEEK OF JANUARY 27; 2024,14,Simone Mendes,Erro Gostoso,1,False
WEEK OF JANUARY 27; 2024,15,Tropa do Bruxo; DJ Ws da Igrejinha; SMU; Triz ; MC Menor Thalis,Baile do Bruxo,5,True
WEEK OF JANUARY 27; 2024,16,Ana Castela,Solteiro Forcado,1,False
WEEK OF JANUARY 27; 2024,17,Isadora Pompeo,Bencaos Que Nao Tem Fim (Counting My Blessings),1,False
WEEK OF JANUARY 27; 2024,18,Simone Mendes,Dois Fugitivos,1,False
WEEK OF JANUARY 27; 2024,19,Borges; Veigh ; MC Cabelinho,Loucura,3,True
WEEK OF JANUARY 27; 2024,20,Gusttavo Lima + Hugo  E  Guilherme,Torce O Olho,1,False
WEEK OF JANUARY 27; 2024,21,Luan Pereira; MC Daniel ; MC Ryan SP,Dentro da Hilux,3,True
WEEK OF JANUARY 27; 2024,22,Murilo Huff,Anestesiado,1,False
WEEK OF JANUARY 27; 2024,23,Felipe Araujo E Luan Santana,Ultima Noite,1,False
WEEK OF JANUARY 27; 2024,24,Luan Santana,Meio Termo,1,False
WEEK OF JANUARY 27; 2024,25,Grego E Paulo Pires,Pane No Sistema,1,False
WEEK OF JANUARY 20; 2024,1,Lauana Prado,Me Leva Pra Casa/Escrito Nas Estrelas/Saudade (Ao Vivo),1,False
WEEK OF JANUARY 20; 2024,2,Silva MC; DJ F7; JC no Beat ; MC Meno Dani,Maria Mariah,4,True
WEEK OF JANUARY 20; 2024,3,Luan ; Ana Castela,Deja Vu,2,True
WEEK OF JANUARY 20; 2024,4,DJ GBR; MC IG; MC Ryan SP; MC PH; MC Davi; MC Luki; MC Don Juan; MC Kadu; Traplaudo; MC GP ; MC GH Do7,Let's Go 4,11,True
WEEK OF JANUARY 20; 2024,5,Manu Bahtidao ; Simone Mendes,Daqui Pra Sempre,2,True
WEEK OF JANUARY 20; 2024,6,Gusttavo Lima ; Ana Castela,Canudinho,2,True
WEEK OF JANUARY 20; 2024,7,MC PH; Borges; WIU; Pedro Lotto ; WEY,Tenho Que Me Decidir,5,True
WEEK OF JANUARY 20; 2024,8,Ze Neto  E  Cristiano,Barulho Do Foguete,1,False
WEEK OF JANUARY 20; 2024,9,Grupo Menos E Mais ; Matheus Fernandes,Lapada Dela,2,True
WEEK OF JANUARY 20; 2024,10,Chefin,10 Carros,1,False
WEEK OF JANUARY 20; 2024,11,Guilherme ; Benuto ; Simone Mendes,Manda Um Oi,3,True
WEEK OF JANUARY 20; 2024,12,Pedro Sampaio,Poc Poc,1,False
WEEK OF JANUARY 20; 2024,13,Simone Mendes,Erro Gostoso,1,False
WEEK OF JANUARY 20; 2024,14,Ana Castela ; Gustavo Mioto,Fronteira,2,True
WEEK OF JANUARY 20; 2024,15,Tropa do Bruxo; DJ Ws da Igrejinha; SMU; Triz ; MC Menor Thalis,Baile do Bruxo,5,True
WEEK OF JANUARY 20; 2024,16,Simone Mendes,Dois Fugitivos,1,False
WEEK OF JANUARY 20; 2024,17,Isadora Pompeo,Bencaos Que Nao Tem Fim (Counting My Blessings),1,False
WEEK OF JANUARY 20; 2024,18,Ana Castela,Solteiro Forcado,1,False
WEEK OF JANUARY 20; 2024,19,Marilia Mendonca,Leao,1,False
WEEK OF JANUARY 20; 2024,20,Gusttavo Lima + Hugo  E  Guilherme,Torce O Olho,1,False
WEEK OF JANUARY 20; 2024,21,Leo Santana ; Ze Felipe,Cama Repetida,2,True
WEEK OF JANUARY 20; 2024,22,Luan Pereira; MC Daniel ; MC Ryan SP,Dentro da Hilux,3,True
WEEK OF JANUARY 20; 2024,23,Ana Castela,Nosso Quadro,1,False
WEEK OF JANUARY 20; 2024,24,Borges; Veigh ; MC Cabelinho,Loucura,3,True
WEEK OF JANUARY 20; 2024,25,Grego E Paulo Pires,Pane No Sistema,1,False
WEEK OF JANUARY 13; 2024,1,Luan ; Ana Castela,Deja Vu,2,True
WEEK OF JANUARY 13; 2024,2,Lauana Prado,Me Leva Pra Casa/Escrito Nas Estrelas/Saudade (Ao Vivo),1,False
WEEK OF JANUARY 13; 2024,3,Manu Bahtidao ; Simone Mendes,Daqui Pra Sempre,2,True
WEEK OF JANUARY 13; 2024,4,DJ GBR; MC IG; MC Ryan SP; MC PH; MC Davi; MC Luki; MC Don Juan; MC Kadu; Traplaudo; MC GP ; MC GH Do7,Let's Go 4,11,True
WEEK OF JANUARY 13; 2024,5,Gusttavo Lima ; Ana Castela,Canudinho,2,True
WEEK OF JANUARY 13; 2024,6,Ze Neto  E  Cristiano,Barulho Do Foguete,1,False
WEEK OF JANUARY 13; 2024,7,Silva MC; DJ F7; JC no Beat ; MC Meno Dani,Maria Mariah,4,True
WEEK OF JANUARY 13; 2024,8,Grupo Menos E Mais ; Matheus Fernandes,Lapada Dela,2,True
WEEK OF JANUARY 13; 2024,9,Guilherme ; Benuto ; Simone Mendes,Manda Um Oi,3,True
WEEK OF JANUARY 13; 2024,10,Simone Mendes,Erro Gostoso,1,False
WEEK OF JANUARY 13; 2024,11,Simone Mendes,Dois Fugitivos,1,False
WEEK OF JANUARY 13; 2024,12,Luan Pereira; MC Daniel ; MC Ryan SP,Dentro da Hilux,3,True
WEEK OF JANUARY 13; 2024,13,Ana Castela ; Gustavo Mioto,Fronteira,2,True
WEEK OF JANUARY 13; 2024,14,Tropa do Bruxo; DJ Ws da Igrejinha; SMU; Triz ; MC Menor Thalis,Baile do Bruxo,5,True
WEEK OF JANUARY 13; 2024,15,Ana Castela,Solteiro Forcado,1,False
WEEK OF JANUARY 13; 2024,16,Chefin,10 Carros,1,False
WEEK OF JANUARY 13; 2024,17,Ana Castela,Nosso Quadro,1,False
WEEK OF JANUARY 13; 2024,18,Marilia Mendonca,Leao,1,False
WEEK OF JANUARY 13; 2024,19,MC PH; Borges; WIU; Pedro Lotto ; WEY,Tenho Que Me Decidir,5,True
WEEK OF JANUARY 13; 2024,20,Gusttavo Lima + Hugo  E  Guilherme,Torce O Olho,1,False
WEEK OF JANUARY 13; 2024,21,Traia Veia ; Murilo Huff,Eu Nao Previ (Ao Vivo Em Goiania),2,True
WEEK OF JANUARY 13; 2024,22,Ze Felipe; Luan Pereira ; DENNIS,Entao Vai,3,True
WEEK OF JANUARY 13; 2024,23,Pedro Sampaio,Poc Poc,1,False
WEEK OF JANUARY 13; 2024,24,Isadora Pompeo,Bencaos Que Nao Tem Fim (Counting My Blessings),1,False
WEEK OF JANUARY 13; 2024,25,Gusttavo Lima ; Matheus ; Kauan,Mala Dos Porta Mala,3,True
WEEK OF JANUARY 6; 2024,1,Lauana Prado,Me Leva Pra Casa/Escrito Nas Estrelas/Saudade (Ao Vivo),1,False
WEEK OF JANUARY 6; 2024,2,Manu Bahtidao ; Simone Mendes,Daqui Pra Sempre,2,True
WEEK OF JANUARY 6; 2024,3,Luan ; Ana Castela,Deja Vu,2,True
WEEK OF JANUARY 6; 2024,4,DJ GBR; MC IG; MC Ryan SP; MC PH; MC Davi; MC Luki; MC Don Juan; MC Kadu; Traplaudo; MC GP ; MC GH Do7,Let's Go 4,11,True
WEEK OF JANUARY 6; 2024,5,Ze Neto  E  Cristiano,Barulho Do Foguete,1,False
WEEK OF JANUARY 6; 2024,6,Gusttavo Lima ; Ana Castela,Canudinho,2,True
WEEK OF JANUARY 6; 2024,7,Grupo Menos E Mais ; Matheus Fernandes,Lapada Dela,2,True
WEEK OF JANUARY 6; 2024,8,Guilherme ; Benuto ; Simone Mendes,Manda Um Oi,3,True
WEEK OF JANUARY 6; 2024,9,Simone Mendes,Erro Gostoso,1,False
WEEK OF JANUARY 6; 2024,10,Simone Mendes,Dois Fugitivos,1,False
WEEK OF JANUARY 6; 2024,11,Ana Castela,Solteiro Forcado,1,False
WEEK OF JANUARY 6; 2024,12,Luan Pereira; MC Daniel ; MC Ryan SP,Dentro da Hilux,3,True
WEEK OF JANUARY 6; 2024,13,Ana Castela,Nosso Quadro,1,False
WEEK OF JANUARY 6; 2024,14,Tropa do Bruxo; DJ Ws da Igrejinha; SMU; Triz ; MC Menor Thalis,Baile do Bruxo,5,True
WEEK OF JANUARY 6; 2024,15,Marilia Mendonca,Leao,1,False
WEEK OF JANUARY 6; 2024,16,Ana Castela ; Gustavo Mioto,Fronteira,2,True
WEEK OF JANUARY 6; 2024,17,Traia Veia ; Murilo Huff,Eu Nao Previ (Ao Vivo Em Goiania),2,True
WEEK OF JANUARY 6; 2024,18,Chefin,10 Carros,1,False
WEEK OF JANUARY 6; 2024,19,Silva MC; DJ F7; JC no Beat ; MC Meno Dani,Maria Mariah,4,True
WEEK OF JANUARY 6; 2024,20,MC PH; Borges; WIU; Pedro Lotto ; WEY,Tenho Que Me Decidir,5,True
WEEK OF JANUARY 6; 2024,21,Gusttavo Lima ; Matheus ; Kauan,Mala Dos Porta Mala,3,True
WEEK OF JANUARY 6; 2024,22,Isadora Pompeo,Bencaos Que Nao Tem Fim (Counting My Blessings),1,False
WEEK OF JANUARY 6; 2024,23,Ze Neto  E  Cristiano,Oi Balde,1,False
WEEK OF JANUARY 6; 2024,24,Israel ; Rodolffo ; Mari Fernandez,Seu Brilho Sumiu,3,True
WEEK OF JANUARY 6; 2024,25,Grego E Paulo Pires,Pane No Sistema,1,False
